ligne_brute,fon,fr,raison
5,"Filisitɛ́ɛn lɛ́ɛ lɔmɔ̌ wá byɔ́ toxo e ɖo ayǐkúngban wɛnjɛ jí ɖo Judáa sín afɔligbé lɛ́ɛ mɛ. Yě yǐ Bɛti-Cɛmɛ́ci, Ayalɔ́ni, Gedelɔ́ti, Soko, Timuna, Gimuzo kpó gletoxo e lɛ́ dó yě lɛ́ɛ kpó, bó jɛ agban ɖó toxo énɛ́ lɛ́ɛ mɛ.",28.18,artefact
206,"Amɔ̌, é ɖó alɔ vǐ yětɔn lɛ́ɛ ɖěbǔ wú ǎ. É bló lě e é ɖe gbɔn ɖo Mɔyízi sín sɛ́nwéma mɛ ɔ́, ɖó Mawu Mavɔmavɔ ɖɔ dó wěma ɔ́ mɛ ɖɔ: “È nǎ hu tɔ́ ɖó vǐ tɔn nu ǎ. È nǎ hu vǐ ɖó tɔ́ tɔn nu ǎ. Mɛ e wa nǔ nyi do ɔ́ wɛ è ɖǒ nǎ hu, ɖó nǔ e é wa ɔ́ nu.”",25.4,artefact
291,"È kplá axɔ́ví Joasi wá, lobo zé tablá ɖokpó kpó sɛ́nwéma ɔ́ kpó jó n'i, bɔ Yexoyada kpó vǐ tɔn lɛ́ɛ kpó kɔn ami ɖó ta n'i, bó sɔ́ ɛ axɔ́sú, bó jɛ xó sú jí ɖɔ: “Susu nú axɔ́sú ɔ́!”",23.11,artefact
314,Un yì cyán nùywɛ́ywɛ́,Je suis allé chercher du bois (Pour un jumeau ou la mère d'un jumeau).,definition
357,bε̆,rassembler les cheveux en un ou plusieurs faisceaux au sommet de la tête,definition
357,bε̆ ɖà,rassembler les cheveux en un ou plusieurs faisceaux au sommet de la tête,definition
424,Un ɖ’álɔ ká wú,Je mets la main sur la calebasse (Formule de politesse lorsqu’on quitte le repas avant la fin. On heurte légèrement la calebasse ou l’assiette avec les noeuds de la main).,definition
439,"ɖe, ɖokpo",1,artefact
451,"Jeluzalɛ́mu wɛ Jozafáti nɔ nɔ, có é nɔ́ lɛ́ gbɔn to ɔ́ bǐ jí, sín Bɛ̌-Ceva káká yi Eflayímu sókan mɛ, bó nɔ ɖɔ nú Izlayɛ́li ví lɛ́ɛ ɖɔ yě ní lɛ́ kɔ wá Mawu Mavɔmavɔ, Mawu tɔ́gbó yětɔn lɛ́ɛ tɔn ɔ́ gɔ́n.",19.4,artefact
525,sɛ́ ɖɛ̀ wú wɛ̀,grâce à la bénédiction de la providence nous avons échappé à tel malheur ou réussi telle entreprise,definition
576,Gban nukun tantɔn,38,artefact
785,kanwe watɔn,93,artefact
812,"Axɔ́sú ɔ́ nɔ te ɖo tɛn tɔn mɛ, ɖo Mawu Mavɔmavɔ nukɔn, bó jɛ akɔ xá Mawu Mavɔmavɔ; mɛ ɖokpó ɖokpó ɖó ná zin alɔ dó akɔ́n ɖɔ émí ná nɔ gbejí nú Mawu Mavɔmavɔ, lobo ná nɔ́ wa nǔ e é zɔ́n lɛ́ɛ, bó ná nɔ nyi sɛ́n tɔn lɛ́ɛ kpó ayi émítɔn bǐ kpó. Émí ná wa nǔ gbɔn mɔ̌, dó nɔ gbejí nú xó e ɖo akɔjijɛwéma élɔ́ mɛ lɛ́ɛ é.",34.31,artefact
924,"Ée Yaxaziɛ́li ɖɔ mɔ̌ ɔ́, Jozafáti xwe agbɔ̌nnusú do, bɔ Jeluzalɛ́munu lɛ́ɛ bǐ kpó Judáanu ɖě lɛ́ɛ bǐ kpó jɛ kpo bó ɖe kɔ́ nú Mawu Mavɔmavɔ, lobo sɛn ɛ.",20.18,artefact
1004,akɔn wɛ un ɖè,j'étais sur les genoux j'étais tout petit dans mon enfance,definition
1088,"Xwe ko-nukún-atɔn wɛ Yoakázi ɖó bó yi zinkpo jí ɖo Jeluzalɛ́mu, bó ɖu axɔ́sú nú sun atɔn.",36.2,artefact
1136,"Hwenu e Asa ɖo xwe gbantɔ́n-nukún-ɛnɛ (39) bló wɛ ɖo axɔ́súzinkpo jí ɔ́, azɔn baɖabaɖa ɖé wá hɛn afɔ tɔn. É wlí azɔn mɔ̌ có, é sɛn Mawu Mavɔmavɔ ǎ, azɔngblétɔ́ lɛ́ɛ wɛ é yi mɔ.",16.12,artefact
1158,"Énɛ́ ɔ́ gúdo ɔ́, axɔ́sú Ezekiyási kpó azaglɔ́gán tɔn lɛ́ɛ kpó ɖɔ nú Levíi ví lɛ́ɛ ɖɔ yě ní lɛ́ ji han e Davídi kpó nǔmɔtɔ́ Asáfu kpó kpa lɛ́ɛ dó sɔ́ Mawu Mavɔmavɔ su. Bɔ yě ji han ɔ́ kpó awǎjijɛ kpó dó kpa susu nú Mawu Mavɔmavɔ, lobo jɛ kpo bo ɖe kɔ́.",29.30,artefact
1244,dà dɔ̆nkpὲ,inviter les jeunes gens à faire ensemble et gratuitement le travail de l'un d'eux,definition
1346,Axɔ́sú Joziyási ylɔ́ tomɛxó Judáa tɔn lɛ́ɛ bǐ kpó Jeluzalɛ́mu tɔn lɛ́ɛ bǐ kpó kplé.,34.29,artefact
1471,é fɛ́n agŭn ì,il l'a éreinté se dit aussi d'un homme adulte qui a violé une jeune fille,definition
1531,"Asilíi xɔ́sú Tiglati-Pilesɛ́ɛ wá gɔ́ alɔ nú Akázi ǎ; lo ɔ́, é sɔ́ ɛ dó ɖó kɛntɔ́, lobo tɔ́n ahwan ɛ.",28.20,artefact
1549,kú dó gbe ɖé,merci pour la fois passée il y a un certain temps,definition
1624,"Amasiyasi kanbyɔ́ ɖɛ̌mɛnu Mawu tɔn ɔ́ ɖɔ: “Nɛ̌ kpatágan tobutóbú e un sú sɔ́ja énɛ́ lɛ́ɛ ka ná nyí gbɔn?” Bɔ ɖɛ̌mɛnu Mawu tɔn ɔ́ yí gbe n'i ɖɔ: “Mawu Mavɔmavɔ hɛn ɔ́, é ná ná ée hú mɔ̌ ɔ́ we.”",25.9,artefact
1670,kanwe atɔɔn nukun we,87,artefact
1674,"Énɛ́ ɔ́ gúdo ɔ́, Judáa xɔ́sú Jozafáti dó Izlayɛ́li xɔ́sú Akaziasi sín gbɛ̌. Axɔ́sú énɛ́ ɔ́ ka nɔ́ zán gbɛ ɖagbe ǎ.",20.35,artefact
1690,"Bɔ Mawu Mavɔmavɔ ɖɔ: ‘Mɛ̌ ká ná blɛ́ Akábu axɔ́sú Izlayɛ́li tɔn ɔ́, bɔ é ná yi tɔ́n ahwan Hlamɔti toxo ɔ́ ɖo Galadi yíkúngban jí, bó ná kú?’ Bɔ yě ɖɔ yětɔn yětɔn.",18.19,artefact
1714,"Mi ná kpɔ́n xwédo e mɛ mɛ ɖokpó ɖokpó gosín é, bó ná kpɔ́n azɔ̌ e mɛ ɖokpó ɖokpó nɔ́ wá ɔ́, bó ná kplé miɖée gbɛ̌ta gbɛ̌ta, lě e axɔ́sú Izlayɛ́li tɔn Davídi kpó vǐ tɔn Salomɔ́ɔ kpó wlán gbɔn é.",35.4,artefact
1779,tɔbá,sorte de lyre faite de lames métalliques sur une caisse rectangulaire en bois,definition
1779,hanyetɔbá,sorte de lyre faite de lames métalliques sur une caisse rectangulaire en bois,definition
1925,"Azaglɔ́gán tɔn lɛ́ɛ kpɔ́n yě ɖésúnɔ xomɛ bó ná kanlin togun ɔ́, vɔ̌sánú-xwlémawutɔ́ lɛ́ɛ kpódó Levíi ví lɛ́ɛ kpó. Ilukya, Zekaliyahu kpódó Yexiyɛ́li kpó ɔ́, nukɔntɔ́ wɛ yě nyí ɖo Mawu xwé ɔ́ gbe; yě ná lɛ̌ngbɔ́ví kpó gbɔ̌ví kpó afɔwó nǔwɔntɔn (2.600), nyibú afɔɖé kanwe ko (300), vɔ̌sánú-xwlémawutɔ́ lɛ́ɛ nú Dǐndínwáyixwe ɔ́.",35.8,artefact
2121,"Mɛ gěgé ɖo togun ɔ́ mɛ, bó slá wǔ nú yěɖée ǎ, bɔ Levíi ví lɛ́ɛ gbɔ bó gbo gbe kanlin e è nǎ dǒ ɖu Dǐndínwáyixwe ɔ́ ná lɛ́ɛ nú mɛ e ma mɛ́ ǎ lɛ́ɛ bǐ, bó ná sɔ́ kanlin lɛ́ɛ ɖó vo nú Mawu Mavɔmavɔ.",30.17,artefact
2379,"Joziyási yi zinkpo jí ɔ́, xwe tɔn afɔtɔn-nukún-atɔngɔ́ ɔ́ mɛ wɛ è ɖu Dǐndínwáyixwe énɛ́ ɔ́.",35.19,artefact
2410,vìvú vivu vitikli,les enfants des enfants en ligne directe jusqu'à la quatrième génération,definition
2533,"Yexoyada dɔn axɔ́sú ɔ́ kpó togun ɔ́ kpó, bɔ é kpó yě bǐ kpó jɛ akɔ xá Mawu Mavɔmavɔ, bó ná nyí togun Mawu Mavɔmavɔ tɔn.",23.16,artefact
2557,"Gankuku ɔ, sɛnu wɛ.",J'aurai beau me faire du souci parce que je n'ai pas le sens du rythme. - Le manque de rythme c'est naturel.,definition
2764,"Azǎn ɛnɛgɔ́ ɔ́ gbe ɔ́, yě kplé ɖo Belaka tɔdo ɔ́ mɛ. È kpo ɖo tɛn énɛ́ ɔ́ mɛ ylɔ́ ɖɔ “Belaka tɔdo” wɛ káká jɛ égbé, ɖó fínɛ́ wɛ yě dó kú nú Mawu Mavɔmavɔ ɖe20.26 Xógbe e nyí “Belaka” ɖo Ebléegbe mɛ ɔ́, xógbe “kúdónúmɛ” tɔn mɛ wɛ è ɖe sín..",20.26,artefact
2851,vlivlì,en grand nombre (pour des grandes volées d'oiseaux ou de moustiques),definition
2851,vlivlivlì,en grand nombre (pour des grandes volées d'oiseaux ou de moustiques),definition
2854,"Ɛɛ́n, un ɖ’é wú","Tu es au travail ? - Oui, je suis dessus.",definition
2867,"Sɔ́ja Izlayɛ́li tɔn lɛ́ɛ wlí nyɔ̌nu mɛxó lɛ́ɛ, bó wlí yɔkpɔ́vú lɛ́ɛ ɖo nɔví yětɔn Judáanu lɛ́ɛ mɛ; yě bǐ bló adɔ̌kpo wǒ (200.000). Yě bɛ̌ Judáanu lɛ́ɛ sín nǔ gěgé wá yi Samalíi.",28.8,artefact
2878,"Hwenu e axɔ́sú Yexolámu ɖo zinkpo jí ɔ́, Edɔ́mu sín togun ɔ́ fɔ́n gǔ dó acɛkpikpa Judáa tɔn jí, bó sɔ́ axɔ́sú ɖokpó ɖó Edɔ́mu to ɔ́ nu.",21.8,artefact
3092,Asa kpó mɛ tɔn lɛ́ɛ kpó bɛ́ nǔ e ɖo toxo nɛ́ lɛ́ɛ mɛ lɛ́ɛ; nǔ e yě bɛ́ lɛ́ɛ sukpɔ́ ɖésú.,14.14,artefact
3364,Kú dó sɔ̀,Merci pour hier (Se dit à quelqu’un qui vous a fait plaisir la veille ou avec qui vous aviez simplement parlé).,definition
3365,gbă avɔ̀ nú mε,avoir un premier rapport sexuel avec une jeune fille vierge,definition
3595,Koklosu dɛn kpajɛ,Petite plante dont la fleur ressemble à la crête d'un coq.,definition
3646,"Énɛ́ ɔ́, è bɛ̌ akwɛ́ ɔ́ jó nú mɛ e ɖo azɔ̌ e wa wɛ è ɖe ɖo Mawu Mavɔmavɔ xwé ɔ́ wú é nu lɛ́ɛ. Yědɛɛ lɛ́ɛ sɔ́ dó sú axɔ́ mɛ e ɖo azɔ̌ ɔ́ wa wɛ, bó ná ná syɛ́nsyɛ́n xwé ɔ́, bó ná bló xwé ɔ́ ɖó lɛ́ɛ.",34.10,artefact
3725,"Axɔ́sú Asa kplé Judáanu lɛ́ɛ kpó Bɛnjamɛ́ɛnu lɛ́ɛ kpó; é lɛ́ kplé Izlayɛ́linu e hɔn sín akɔta Eflayímu tɔn mɛ, Manasée tɔn mɛ, kpó Sinmɛnyɔ́ɔ tɔn kpó mɛ, bó wá cí axɔ́súɖuto tɔn mɛ lɛ́ɛ; ɖó ée Izlayɛ́linu lɛ́ɛ mɔ ɖɔ Mawu Mavɔmavɔ tɔn ɖo kpɔ́ xá ɛ ɔ́, yě nyi ahwan bo wá jɛ jǐ tɔn.",15.9,artefact
3803,"È wlǎn axɔ́sú Yotámu sín tan e kpo lɛ́ɛ, ahwan e é fun lɛ́ɛ bǐ kpó nǔ e é wa lɛ́ɛ kpó dó Izlayɛ́li xɔ́sú lɛ́ɛ kpódó Judáa xɔ́sú lɛ́ɛ kpó sín “Tan wéma” mɛ.",27.7,artefact
3843,é dà̀ tú gbɔ̀,il a tiré un coup de fusil et il a raté la cible,definition
3948,"É lɔmɔ̌ wa nǔ nyanya Akábu xwédo ɔ́ ɖɔhun, ɖó nǔ nyanya wɛ nɔ tɔn nɔ kplɔ́n ɛ.",22.3,artefact
4069,"Axɔ́sú Nabukodonɔzɔ́ɔ bɛ́ nǔ e è nɔ zán ɖo Mawu Mavɔmavɔ xwé gbe lɛ́ɛ bǐ, kpɛví kpó ɖaxó kpó, dɔkun e ɖo xwé ɔ́ gbe lɛ́ɛ, dɔkun e nyí axɔ́sú ɔ́ tɔn lɛ́ɛ kpó éé nyí azaglɔ́gán tɔn lɛ́ɛ tɔn lɛ́ɛ kpó yi Babilɔ́nu.",36.18,artefact
4277,"Din ɔ́, kpɔ́n! Amumɔ́ɔ ví lɛ́ɛ, Mɔwabunu lɛ́ɛ kpódó Seyíi sókanmɛnu lɛ́ɛ kpó ɖíe tɔ́n ahwan mǐ e. Hwenu e tɔ́gbó mǐtɔn lɛ́ɛ ká gosín Ejípu ɔ́, a gbɛ̌ nú yě ɖɔ yě ní má gbɔn toxo énɛ́ lɛ́ɛ sín ayǐkúngban jí ó, bɔ tɔ́gbó mǐtɔn lɛ́ɛ kpa kɛ́n nú yě, bó vívá kún yětɔn ǎ.",20.10,artefact
4281,"Mɛsɛntɔ́ e yi kpá dó Joasi ta lɛ́ɛ ɖíe: Zavadu kpódó Yexozavadi kpó. Zavadu ɔ́, nɔ tɔn nɔ nyí Cimɛyati; Amumɔ́ɔ ví wɛ. Yexozavadi ɔ́, nɔ tɔn nɔ nyí Cimuliti; Mɔwabunu wɛ.",24.26,artefact
4338,ali ɔ xɔ́,il n'y a pas beaucoup de monde sur la route,definition
4494,kpodógbà,galette très dure faite avec de la pâte de farine de maïs,definition
4494,klέklέ kpodógbà,galette très dure faite avec de la pâte de farine de maïs,definition
4539,Vi ku nu Ahwanjigɔnu.,Une femme d'Ahwanjigo a perdu son enfant. - Le destin m'a délivré de ma tâche.,definition
4539,Sɛ ɖe hwɛn mi.,Une femme d'Ahwanjigo a perdu son enfant. - Le destin m'a délivré de ma tâche.,definition
4805,Kanɖe ko tεnwe,67,artefact
4998,e flɛ́ wá dɔ́,il fruit s'est détaché et a été retenu par les branches,definition
5056,é ɖè axi kpɔcɔnu,il marchande en cherchant à obtenir le produit à vil prix,definition
5095,E byɔ kunsun Tɔfɔnu.,On a demandé kunsun à un habitant de Toffo. - Voilà que tu es en train de faire quelque chose pour moi.,definition
5386,kanwe atɔɔn,85,artefact
5643,"Hwenu e Joziyási ɖo xwe afɔtɔn-nukún-atɔn bló wɛ ɖo zinkpo jí ɔ́, é wá su gbe ɖokpó, bɔ é ɖɔ nú Cafáni Asaliyahu ví ɔ́, kpó Maaseyahu toxo ɔ́ sín gǎn ɔ́ kpó, kpódó Yoáxi Yoaxázi ví e nyí wěgbóhɛntɔ́ axɔ́sú ɔ́ tɔn ɔ́ kpó ɖɔ yě ní yi bló Mawu Mavɔmavɔ, Mawu émítɔn sín xwé ɖó; é ká kó slá wǔ nú to ɔ́ kpó Mawu Mavɔmavɔ xwé ɔ́ kpó hwenɛ́nu.",34.8,artefact
5646,"Mawu Mavɔmavɔ dó winnyá axɔ́súɖuto Judáa tɔn ɔ́ mɔ̌, ɖó axɔ́sú Akázi dɔn togun tɔn bɔ yě dó vɛ̌ nú Mawu Mavɔmavɔ; é ɖésúnɔ lɔ ka nɔ gbejí nú Mawu Mavɔmavɔ ǎ.",28.19,artefact
5845,gban atɔɔn,35,artefact
5866,cokícokí,insatiable qui court chez les uns et les autres en quête de nourriture,definition
5866,aɖò kicokì,insatiable qui court chez les uns et les autres en quête de nourriture,definition
6032,lὲ sù,réconcilier quelqu'un avec le vaudoun après la violation de son interdit,definition
6193,Un hwlán sìn,J’ai pris de l’eau dans la bouche sans la boire.,definition
6195,E cí mɔ̆,Ca reste ainsi (On dit souvent cela quand on se quitte).,definition
6238,"Énɛ́ víví hwe bɔ mi yi bɛ́ súnnu kpó nyɔ̌nu kpó sín Judáa, sín Jeluzalɛ́mu, bó jló ná zé yě dó húzú kannumɔ. Hǔn midɛɛ lɛ́ɛ ɔ́, mi lɔmɔ̌ hu hwɛ ɖé dó Mawu Mavɔmavɔ, Mawu mitɔn ǎ cé?",28.10,artefact
6246,"Ɖagbe e yědɛɛ lɛ́ɛ ka mɔ, bó ná wa nú mǐ égbé din ɔ́ wɛ nyí ɖɔ yě wǎ, bó ná nya mǐ sín ayǐkúngban e a nǎ mǐ ɔ́ jí.",20.11,artefact
6342,"Hwenu e yě dó han bo ɖo susu kpa nú Mawu Mavɔmavɔ wɛ ɔ́, Mawu Mavɔmavɔ dó kíjá Amumɔ́ɔ ví lɛ́ɛ, Mɔwabunu lɛ́ɛ, kpódó Seyíi sókanmɛnu lɛ́ɛ kpó mɛ, bɔ yě jɛ yěɖée hu jí.",20.22,artefact
6383,e hínhán takín,il a soufflé après avoir mangé du piment très fort,definition
6441,"Axɔ́sú Silíi tɔn ká ko ɖɔ nú gǎn e kpa acɛ dó ahwankɛkɛ́ví tɔn lɛ́ɛ nu lɛ́ɛ ɖɔ yě ní má ɖó alɔ ahwanfuntɔ́ kpaa lɛ́ɛ wú ó, yě ní má ká ɖó alɔ ahwangán lɛ́ɛ wú ó, lo ɔ́ axɔ́sú Izlayɛ́li tɔn ɔ́ kɛ́ɖɛ́ wɛ yě ná wlí.",18.30,artefact
6472,cobwè,sert pour unir un groupe qui tire ou soulève ensemble quelque chose cobwè,definition
6514,Azaglɔ́gán tɔn lɛ́ɛ blá gbě tɔn bó hu i ɖo xɔ tɔn mɛ gbe ɖokpó.,33.24,artefact
6537,un na cyán nùyɔ́ywɛ́,je vais aller chercher des brindilles expression employée par les jumeaux ou leur mère pour éviter de dire,definition
6600,"Ée nǔ cí mɔ̌ ɔ́, axɔ́sú Ezekiyási kpó gbeyíɖɔ Mawu tɔn Ezayíi Amɔ̌si ví ɔ́ kpó jɛ ɖɛ xo dó nǔ énɛ́ ɔ́ tamɛ jí. Yě sú xó ylɔ́ Mawu ɖɔ é ní wá gɔ́ alɔ nú émí.",32.20,artefact
6606,gbà zɛ̆n,pour une fille (avoir des relations avec des garçons avant d'avoir ses règles),definition
6634,"Ée é kú ɔ́, è zě cyɔ tɔn ɖó kɛkɛ́ví jí bɔ sɔ́ gěgé dɔn, bɔ è wǎ ɖi ɖó tɔ́gbó tɔn lɛ́ɛ sín yɔdo mɛ, ɖo Judáa sín toxo ɖaxó ɔ́ mɛ.",25.28,artefact
6744,lì ɖŏ afɔ̀ wŭ,écraser avec les pieds (les noix de palme pour en extraire l'huile),definition
6807,"Tɔ́ yětɔn ná nǔjɔnǔ yě. É ná yě kpatágan, siká kpó nǔ xɔ akwɛ́ tɛnmɛ tɛnmɛ lɛ́ɛ kpó, bó sɔ́ yě gǎn ɖó toxo e ɖo Judáa bɔ è mɛ ahohó lɛ́ lɛ̌ dó lɛ́ɛ gěgé nu. Lo ɔ́, Yexolámu wɛ é ɖe, bɔ é ná nɔ tɛn tɔn mɛ, ɖó é wɛ nyí vǐɖaxó tɔn.",21.3,artefact
6878,agbákò vĭ è,tu déraisonnes interjection marquant la surprise amusée employée presque exclusivement par les femmes,definition
6966,"Ɖó Ezekiyási Judáa xɔ́sú ɔ́ ná nyibúsú afatɔ́n (1.000), bó ná gbɔ̌ děgba ɖě afɔwó-afatɔ́n (7.000) kplékplé mɛ ɔ́. Azaglɔ́gán lɛ́ɛ ná nyibúsú afatɔ́n (1000), bó ná gbɔ̌ děgba we afɔwó (10.000). Vɔ̌sánú-xwlémawutɔ́ e slá wǔ lɛ́ɛ sukpɔ́ ɖésú.",30.24,artefact
6980,kanwe atɔɔn nukun ɛnɛ,89,artefact
6983,"Xwédo Elisafáni tɔn mɛ ɔ́, Cimuli kpó Yeyiɛ́li kpó sí te. Xwédo Asáfu tɔn mɛ ɔ́, Zekaliya kpó Mataniyahu kpó sí te.",29.13,artefact
7024,a ko dó yakpá,tu as déjà mis bas se dit comme insulte pour une femme flétrie sans attrait,definition
7066,e syɔ́ lyŏ,elle a préparé du lyo en soumettant du gi à une deuxième cuisson,definition
7080,koklosu dɛn kpajɛ,petite plante dont la fleur ressemble à la crête d'un coq,definition
7162,Kanɖe ko nukun εnε,64,artefact
7304,"Oziyási zɔ́n nǔdówátɔ́ ɖé, bɔ é bló mɔ ɖé lɛ́ɛ ɖo Jeluzalɛ́mu. Mɔ énɛ́ lɛ́ɛ ɔ́, síngbó lɛ́ɛ jí kpó zwe lɛ́ɛ mɛ kpó wɛ è nɔ zé yě ɖó, bó nɔ dó da gǎ, abǐ nyi awǐnnya ɖaxó ɖaxó dó zɔ. Mawu gɔ́ alɔ nú Oziyási ɖésú, káká bɔ é sɔ́ acɛkpikpa tɔn jínjɔ́n ayǐ, bɔ nyǐkɔ tɔn gba kpé fí bǐ.",26.15,artefact
7426,un dŏ wɔ̆ sìn,j'ai délayé de la farine dans l'eau pour préparer la pâte,definition
7443,"Énɛ́ ɔ́ gúdo ɔ́, é gbɔn toxo Manasée tɔn lɛ́ɛ, Eflayímu tɔn lɛ́ɛ, Sinmɛnyɔ́ɔ tɔn lɛ́ɛ kpódó Nɛfutali ɖésú tɔn lɛ́ɛ lɔ kpó mɛ, bó kíjé xwé lɛ́ɛ.",34.6,artefact
7488,Kinikini wu aɖu.,Le lion a poussé des dents. - Le malheur est arrivé dans la région.,definition
7488,Adla jɛ gbe ji.,Le lion a poussé des dents. - Le malheur est arrivé dans la région.,definition
7555,"Silíinu e wá ahwan fun gbé lɛ́ɛ sukpɔ́ ǎ; yě sukpɔ́ ǎ có Mawu Mavɔmavɔ jó Judáanu tobutóbú ɖé nú yě bɔ yě hu, ɖó Judáanu lɛ́ɛ jó Mawu Mavɔmavɔ, Mawu tɔ́gbó yětɔn lɛ́ɛ tɔn dó. Lě e Mawu Mavɔmavɔ zán Silíinu lɛ́ɛ dó dɔn tó nú Joasi gbɔn ɔ́ nɛ́.",24.24,artefact
7598,flé wɔ̆ ɖù,découper la pâte en petits morceaux et la mélanger à la sauce pour la réchauffer avant de la manger,definition
7703,"Bɔ Micée ka ɖɔ n'i ɖɔ: “Nú a lɛ̌ kɔ wá wǔyɛ́yɛ́ afɔyɛ́yɛ́ hǔn, Mawu Mavɔmavɔ ɖɔ xó gbɔn jǐ ce ǎ.” Ée é ɖɔ mɔ̌ gúdo ɔ́, é ɖɔ: “Togun lɛ́ɛ bǐ ní ɖótó!”",18.27,artefact
7846,E kì kpá,Il a fait une palissade avec des côtes de palmier.,definition
7892,Zăn bɔ̀,Il commence à faire nuit (le moment qui suit le crépuscule).,definition
7966,kanwe nukun ɛnɛ,84,artefact
8017,Lob’ɛ́ nyí ló nɛ́,Voilà que ça y est (Se dit quand on est parfaitement satisfait pour entreprendre quelque chose).,definition
8025,E húhwé,Il se mêle de ce qui ne le regarde pas.,definition
8029,xomɛ sin we à,es-tu fâché - oui je suis très fâché contre toi,definition
8083,"Ezekiyási kpó togun ɔ́ bǐ kpó j'awǎ, ɖó nǔ énɛ́ e Mawu zɔ́n bɔ yě kpé wú bó bló ganjí ɔ́ wú, ɖó nǔ lɛ́ɛ yá wǔ fó.",29.36,artefact
8100,"Énɛ́ ɔ́ gúdo ɔ́, è bɛ̌ gbǎgbá e è nǎ dǒ sá hwɛsɔ́kɛmɛvɔ́ ná lɛ́ɛ wá axɔ́sú ɔ́ kpó agun ɔ́ kpó nukɔn, bɔ yě bɛ̌ alɔ ɖó kanlin lɛ́ɛ jí.",29.23,artefact
8122,Oóó nú wè !,Honte à toi (qui as fait une faute pour t’amuser).,definition
8141,"Lo ɔ́, yě cá mɛ e Mawu sɛ́ dó lɛ́ɛ ko. Yě nɔ́ hu tɛ́ nú Mawuxó ɔ́, bó nɔ́ ɖɔ slǎmɛ gbeyíɖɔ tɔn lɛ́ɛ wú káká bɔ Mawu Mavɔmavɔ sin xomɛ dó togun tɔn, bɔ nǔ e ná fá xomɛ n'i ɔ́ ɖe ǎ.",36.16,artefact
8154,"É bló mɔ̌ ɖó Edɔ́munu lɛ́ɛ lɛ́ wá tɔ́n ahwan to tɔn, bó wlí kannumɔ gěgé yi.",28.17,artefact
8303,é wlán wèmá n'í,il a écrit une lettre pour lui à sa place,definition
8421,ko atɔɔn nukun ɛnɛ,29,artefact
8462,nu fín,la bouche où le cure-dents n’a pas été employé depuis le réveil,definition
8500,"Axɔ́sú Judáa tɔn Amasiyasi ɖótó mɛ ɖěvo lɛ́ɛ, bó sɛ́ mɛ dó Yexoázi Yoakázi ví, Jehu vívú, Izlayɛ́li xɔ́sú ɔ́ ɖɔ yě nǐ yi ɖɔ n'i ɖɔ: “Wǎ mǐ ná fun ahwan.”",25.17,artefact
8527,"Asa ɖe vodúnxwé e ɖo só jí lɛ́ɛ kpódó vɔ̌sákpe e jí yě nɔ́ dó zǎlínkpɔ́n zo ɖe lɛ́ɛ kpó sín toxo e ɖo Judáa lɛ́ɛ bǐ mɛ. Ée é bló mɔ̌ ɔ́, fífá byɔ́ axɔ́súɖuto tɔn mɛ.",14.5,artefact
8704,e kpò ká n'í,il reste la calebasse pour lui on dit cela lorsque quelqu'un n'a pas fini de manger en même temps que les autres,definition
8733,bà sìn kɔ̀n ny'àyĭ,verser de l'eau par terre pour une libation en hommage aux ancêtres,definition
8878,E syɔ́ lyŏ,Elle a préparé du lyo en soumettant du gi à une deuxième cuisson.,definition
8929,E flɛ́ wá dɔ́,Il (fruit) s’est détaché et a été retenu (par les branches).,definition
8948,"Acɛkpikpa Jozafáti tɔn fɔ́n bó ɖo jijɛ jí wɛ. É bló fí e mɛɖé má sixú kpé mɛ wú ɖe ǎ é gěgé ɖó Judáa, bó zé toxo gěgé bó ná nɔ́ bɛ́ agban d'é mɛ.",17.12,artefact
9016,E gbò lan ɖù,Il a pris une partie de la viande et l’a mangée.,definition
9023,kanɖe gban atɔɔn nukun ɛnɛ,79,artefact
9187,kanwe wewe,92,artefact
9358,e j'ajò,il a volé - qu'a-t-il volé - il a volé de l'argent,definition
9358,aní é fìn,il a volé - qu'a-t-il volé - il a volé de l'argent,definition
9358,é fìn kwɛ́,il a volé - qu'a-t-il volé - il a volé de l'argent,definition
9367,"Cóbónú axɔ́sú ɔ́ ná sɛ́ mɛ dó ɔ́, é kpó azaglɔ́gán tɔn lɛ́ɛ kpó, kpódó Jeluzalɛ́munu lɛ́ɛ bǐ kpó yi gbesɔ ɖo Jeluzalɛ́mu bo ɖe wě, bónú è nǎ ɖu Dǐndínwáyixwe ɔ́ ɖo sun wegɔ́ ɔ́ mɛ.",30.2,artefact
9413,"Ahwanfuntɔ́ énɛ́ lɛ́ɛ ɔ́, yě kplé ɖo hɛ̌nnu yětɔn yětɔn mɛ; ahwangán ɖaxó ɖaxó e ɖo akɔta Judáa tɔn ɔ́ mɛ lɛ́ɛ ɖíe: Adina. É kpa acɛ dó ahwanfuntɔ́ syɛ́nsyɛ́n adɔ̌kpo afɔtɔn nu (300.000).",17.14,artefact
9420,ajámácóóó nú mi,je vous félicite cri de félicitations à un groupe de travailleurs réponse yabaɖaóóó,definition
9511,ɖè yεsù,"s'acquitter de ses obligations envers les esprits, les morts, le fâ, les vaudouns",definition
9512,Ko nukun atɔn,23,artefact
9592,"Yě j'awǎ ɖésú ɖo Jeluzalɛ́mu. Sín axɔ́sú Izlayɛ́li tɔn Salomɔ́ɔ Davídi ví ɔ́ hwenu ɔ́, mɛɖé sɔ́ j'awǎ mɔ̌hunkɔtɔn kpɔ́n gbeɖé ɖo Jeluzalɛ́mu ǎ.",30.26,artefact
9623,Ajámácóóó nú mi !,Je vous félicite (cri de félicitations à un groupe de travailleurs). Réponse = Yabaɖaóóó !,definition
9653,"Silíinu lɛ́ɛ gblé wǔ i vantankánnyá bó jó e dó bó yi. Ée yě yi ɔ́, mɛsɛntɔ́ tɔn lɛ́ɛ yi kpá dó ta tɔn, bó wá hu i nyi zan tɔn jí, dó ba vɔ̌sánú-xwlémawutɔ́ Yexoyada sín vǐ e é hu ɔ́ sín hlɔn. È sɔ́ ɛ yi ɖi dó Davídi Toxo mɛ. È ka ɖi i dó yɔdo e mɛ è nɔ ɖi axɔ́sú lɛ́ɛ dó ɔ́ mɛ ǎ.",24.25,artefact
9660,heelù,malheur cette interjection marque parfois la surprise ou aussi le soulagement après un gros effort,definition
9685,asíhwlέnsín,l'eau pour se laver les mains avant et après les repas,definition
9685,asíhwlέsìn,l'eau pour se laver les mains avant et après les repas,definition
9703,"Axɔ́sú ɔ́ ná dɔkun tɔn lɛ́ɛ ɖě, bɔ è nǎ nɔ́ dó sá vɔ̌ e è nɔ dó zo lɛ́ɛ ná: vɔ̌ e è nɔ dó zo zǎnzǎn lɛ́ɛ, ée è nɔ dó zo gbadanu lɛ́ɛ, ée è nɔ dó zo gbɔjɛzán gbe lɛ́ɛ, ée è nɔ dó zo sun wá jǐ lɛ́ɛ kpódó éé nɔ dó zo xwe gbe lɛ́ɛ kpó, lě e è ko wlán dó Mawu Mavɔmavɔ sɛ́n ɔ́ mɛ gbɔn é.",31.3,artefact
9736,"Ée nǔ nyí mɔ̌ ɔ́, Mawu Mavɔmavɔ sin xomɛ dó Amasiyasi ɖésú, bó sɛ́ gbeyíɖɔ tɔn ɖokpó dó e. Gbeyíɖɔ ɔ́ wá kanbyɔ́ ɛ ɖɔ: “Étɛ́wú a ka ɖo vodún e ma kpé wú bó hwlɛ́n togun yětɔn gán ɖo nukɔn towe ǎ lɛ́ɛ sɛn wɛ?”",25.15,artefact
9767,"Ée é ɖɔ mɔ̌ ɔ́, Amasiyasi lɛ́ kɔ nú sɔ́ja Totaligbé tɔn e kplá ɛ wá lɛ́ɛ, bɔ yě ɖidó xwé kpó xomɛsin kpó. Yě sin xomɛ dó axɔ́súɖuto Judáa tɔn ɔ́ ɖésú.",25.10,artefact
9860,"Vodún e sín bǒcyɔ e é bló ɔ́, é sɔ́ ɖó xwé e gbe Mawu ɖɔ nú Davídi kpó vǐ tɔn Salomɔ́ɔ kpó ɖɔ: “Xwé élɔ́ wɛ un sɔ́ ɖo Jeluzalɛ́mu, ɖo akɔta wěwe Izlayɛ́li tɔn lɛ́ɛ mɛ, bɔ nyǐkɔ ce ná nɔ fínɛ́ káká sɔ́yi.",33.7,artefact
9862,"Ée é ɖɔ mɔ̌ ɔ́, vɔ̌sánú-xwlémawutɔ́ Yexoyada ylɔ́ sɔ́jakanwekogán e ɖo ahwangɔnu ɔ́ nu lɛ́ɛ wá, bó ɖɔ nú yě ɖɔ: “Mi ɖe nyɔ̌nu nɛ́ tɔ́n sín mɛ mɛ; mɛ ɖé xwedó e hǔn, mi hu mɛ ɔ́.” Yexoyada ɖɔ mɔ̌, ɖó é ba ɖɔ è nǐ hu i ɖo Mawu Mavɔmavɔ xwé gbe ǎ.",23.14,artefact
10082,"Hwenu e Dadá Pɛ́si tɔn Silúsi ɖo xwe ɖokpó bló wɛ ɖo zinkpo jí ɔ́, Mawu Mavɔmavɔ ɖɔ émí ná bló nǔ e émí ɖɔ gbɔn Jelemíi jí é; énɛ́ ɔ́, é sɔ́ dó ayi mɛ nú Dadá Silúsi, bɔ ayi tɔn mɔ ɖɔ émí ná zé nu émítɔn dó jlá xó élɔ́ gbɔn axɔ́súɖuto émítɔn bǐ mɛ, bó ná wlán ɖɔ:",36.22,artefact
10087,adogannú kpέtέ,tesson de pot mince et recourbé qu'on emploie pour caler la marmite sur le foyer,definition
10115,Azejɛtɔ mɔ tekan.,Le galeux a trouvé une éponge. Me voilà frais et dispos.,definition
10128,Wɛnsagun e yi Micée ylɔ́ gbé ɔ́ ɖɔ n'i ɖɔ: “Gbeyíɖɔ ɖě lɛ́ɛ bǐ wɛ ɖɔ nǔ ɖokpó ɔ́; yě bǐ ɖɔ xó ɖagbe nú axɔ́sú ɔ́. Hwi lɔ tɛ́nkpɔ́n bó ɖɔ xó ɖagbe nú axɔ́sú ɔ́ yě ɖɔhun.”,18.12,artefact
10336,"Xwe gban-nukún-we (32) ɖó wɛ Yexolámu ɖe bó yi zinkpo jí ɖo Jeluzalɛ́mu, bó ɖu axɔ́sú nú xwe tántɔn.",21.5,artefact
10410,"Ée è sá vɔ̌ ɔ́ fó ɔ́, axɔ́sú ɔ́ kpó mɛ e ɖo akpá tɔn lɛ́ɛ bǐ kpó jɛ kpo bo ɖe kɔ́.",29.29,artefact
10481,"É wa nǔ axɔ́sú Izlayɛ́li tɔn lɛ́ɛ ɖɔhun, káká bó sínsín gan dó bló bǒcyɔ ná nú vodún Baalu lɛ́ɛ.",28.2,artefact
10606,Kanɖe gban nukun aizεn,76,artefact
10807,Kanɖe nukun we,42,artefact
10828,bà hă mε,manquer de respect à un supérieur en le traitant comme son égal,definition
10922,To Lɛgba byɔ dokɔ.,Le Legba du village a réclamé son beignet de haricots. - C'est que toi tu n'as pas d'autres préoccupations.,definition
10936,"Atɔnvlɔ́ɖó ná cɔ́ axɔ́sú ɔ́ sín hɔnmɛ, bɔ atɔnvlɔ́ɖó e kpo ɔ́ ná ɖo Dodó hɔn ɔ́ jí, bɔ togun ɔ́ bǐ ná ɖo Mawu Mavɔmavɔ xwé ɔ́ sín kɔ́xota lɛ́ɛ.",23.5,artefact
10938,kpà atán,tailler le coeur du palmier pour faire venir le vin de palme,definition
10969,dŏ kpέ vĭ,gâter un enfant en le considérant toujours comme un enfant non sevré,definition
10979,afɔtɔn nukun we,17,artefact
11182,Kɔ tɔn gbò ală,Elle a un joli cou (Son cou fait des plis) .,definition
11208,"Yě lɛ̌ kɔ yi akɔ e Mawu Mavɔmavɔ jɛ xá tɔ́gbó yětɔn lɛ́ɛ ɔ́ jí, bó d'akpá ɖɔ émí ná nɔ́ sɛn Mawu Mavɔmavɔ, Mawu tɔ́gbó émítɔn lɛ́ɛ tɔn kpódó ayixa émítɔn bǐ kpó, kpódó lǐndɔ̌n émítɔn bǐ kpó.",15.12,artefact
11299,"Tɛn e mɛ yě nɔ́ nɔ ɖ'ayǐ ɔ́, é mɛ wɛ yě nɔ lě e ɖɛ̌mɛnu Mawu tɔn Mɔyízisɛ́n ɔ́ ɖɔ gbɔn é: Levíi ví lɛ́ɛ nɔ́ zé kanlin e è hu lɛ́ɛ sín hun nú vɔ̌sánú-xwlémawutɔ́ lɛ́ɛ, bɔ yě nɔ́ kɔn dó vɔ̌sákpe ɔ́ jí.",30.16,artefact
11457,Yĕ càn kɛkɛ́,Ils ont fait un choc à vélo en se rencontrant.,definition
11508,Kanɖe gban nukun we,72,artefact
11685,"Senakelíbu sɛ́ wěma ɖokpó dó, bó zun Mawu Mavɔmavɔ, Mawu Izlayɛ́li tɔn ɔ́ d'é mɛ ɖɔ: “Lě e nǔmɛsɛn akɔta to ɖě lɛ́ɛ mɛ tɔn lɛ́ɛ má kpé wú bó hwlɛ́n togun yětɔn lɛ́ɛ ɖo así ce ǎ ɔ́, mɔ̌ ɖokpó ɔ́, nǔmɛsɛn Ezekiyási tɔn sixú hwlɛ́n togun tɔn ɖo así ce ǎ.”",32.17,artefact
11686,"Asa ɖidó Zeláxi kpó ahwan tɔn lɛ́ɛ kpó kpé gbé. Ée yě jɛ dɔ̌n ɔ́, yě to yěɖée ɖó ahwan lɔ jí ɖo tɔdo Sefáta tɔn mɛ, ɖo Maleca kpá.",14.10,artefact
11821,A ko winnyá bĭ,"Tu es déjà un grand jeune homme, tu es déjà une grande fille.",definition
11905,É yì Ifɛ̀,"Il est allé à Ifè (pour un grand sorcier, pour un albinos).",definition
11931,"Yě hu kanlin lɛ́ɛ nú Dǐndínwáyixwe ɔ́. Vɔ̌sánú-xwlémawutɔ́ lɛ́ɛ kɔn hun e Levíi ví lɛ́ɛ sɔ́ nú yě ɔ́ kɔn nyi vɔ̌sákpe ɔ́ jí, bɔ Levíi ví lɛ́ɛ kɔ́n kanlin lɛ́ɛ.",35.11,artefact
12297,ɖè adi nú mε,lancer un rythme pour faire danser quelqu'un qui le connaît,definition
12298,Yexoxanáni; é kpa acɛ dó ahwanfuntɔ́ adɔ̌kpo wɛ̌nɛ nu (280.000).,17.15,artefact
12322,"Lo ɔ́, gbeyíɖɔ Mawu tɔn Eliezɛ́ɛ, Dodawahu, Malecanu ɔ́ ɖɔ nú Jozafáti ɖɔ: “A dǒ Akaziasi gbɛ́; énɛ́ wú ɔ́, Mawu Mavɔmavɔ ná hɛn azɔ̌ e a wa ɔ́ gblé.” Nǔgbó ɔ́, tɔjíhún lɛ́ɛ sixú yi tomɛ ǎ; yě bǐ gba.",20.37,artefact
12345,"Ɖó yě jó mì dó, bó nɔ sá vɔ̌ nú nǔmɛsɛn ɖěvo lɛ́ɛ, bó ná dó sɔ́ nǔ e alɔ yětɔn bló lɛ́ɛ bǐ do dó xomɛsin nú mì. Énɛ́ ɔ́ wú wɛ un sin xomɛ dó toxo élɔ́, bó ɖo gbɔ ná se wɛ ǎ.",34.25,artefact
12384,"Walɔ baɖabaɖa e zán wɛ yě ɖe ɖo Izlayɛ́li lɛ́ɛ ɔ́, axɔ́sú Joziyási sú dó, bó ɖɔ mɛ e ɖo to ɔ́ mɛ lɛ́ɛ bǐ ɖó ná sɛn Mawu Mavɔmavɔ, Mawu yětɔn ɔ́ dandan. Ée é bló mɔ̌ ɔ́, yě mɛ ɖěbǔ sɔ́ lɛ́ kɔ sín Mawu Mavɔmavɔ, Mawu e tɔ́gbó yětɔn lɛ́ɛ nɔ sɛn ɔ́ gúdo káká có nú zǎn tɔn wá kú ǎ.",34.33,artefact
12453,kanɖe wewe,52,artefact
12530,tέn kàn,fendre une tige flexible pour en tirer des liens qui serviront à faire des travaux de vannerie,definition
12562,"Ée Yexolámu se mɔ̌ ɔ́, é bɛ́ ahwankɛkɛ́ví tɔn lɛ́ɛ bɔ é kpó ahwangán tɔn lɛ́ɛ bǐ kpó jɛ ali; Edɔ́munu lɛ́ɛ ká xá yě, bɔ zǎn xóxó mɛ ɔ́, Yexolámu kpó ahwangán e kpa acɛ dó ahwankɛkɛ́ví tɔn lɛ́ɛ nu lɛ́ɛ kpó tɛ́nkpɔ́n, bó ba ali bó gbɔn Edɔ́munu lɛ́ɛ tɛ́ntin.",21.9,artefact
12666,"Vɔ̌sánú-xwlémawutɔ́ lɛ́ɛ ká gbo gbe nyibú lɛ́ɛ, bó yí hun yětɔn lobo mi dó vɔ̌sákpe ɔ́ wú. Yě gbo gbe agbo lɛ́ɛ, bó yí hun yětɔn, lobo mi dó vɔ̌sákpe ɔ́ wú. Yě gbo gbe lɛ̌ngbɔ́ví lɛ́ɛ, bó yí hun yětɔn, lobo mi dó vɔ̌sákpe ɔ́ wú.",29.22,artefact
12730,"Bòsú, Bòjrɛnú",Garçon né avec le cordon ombilical autour du cou et des mains,definition
12746,E gu eɖee,"II n'a pas profité de la vie (pas d'enfants, pas d'argent)",definition
12760,é xo kɔ n'í,elle lui a fait les yeux doux en dodelinant de la tête,definition
12793,"Axɔ́sú Yoyakímu sín tan e kpo ɔ́, è wlǎn dó axɔ́sú Izlayɛ́li tɔn lɛ́ɛ, kpó Judáa tɔn lɛ́ɛ kpó sín Tan wéma mɛ; nǔ e é dó sin lɛ́ɛ kpó nǔ e gbo e lɛ́ɛ kpó bǐ wɛ è wlǎn d'é mɛ. Vǐ tɔn Yoyakini wɛ ɖu axɔ́sú ɖó tɛn tɔn mɛ.",36.8,artefact
12808,"Ée Micée ɖɔ mɔ̌ tlóló ɔ́, Sidikíyahu Kenáana ví ɔ́ sɛkpɔ́ ɛ, bó gba tomɛ n'i bó ɖɔ: “Fítɛ́ wɛ yɛ Mawu Mavɔmavɔ tɔn ɔ́ gbɔn, bó tɔ́n sín nyɛ mɛ, bó wá ɖɔ xó nú we?”",18.23,artefact
12813,kpɔ́n nù yɛ́,regarde moi ça en parlant avec mépris d'une personne abomey,definition
12934,É wa nǔ e má nyɔ́ Mawu Mavɔmavɔ nukún mɛ ǎ lɛ́ɛ. É xwedó walɔ nyanya akɔta e Mawu Mavɔmavɔ nya bó yí ayǐkúngban yětɔn nú Izlayɛ́li ví lɛ́ɛ tɔn.,33.2,artefact
13045,ɖùká,sorte de fer plat dans le piège sur lequel on met l'appât,definition
13045,nùɖúká,sorte de fer plat dans le piège sur lequel on met l'appât,definition
13087,e flá azɔ̀n,il a neutralisé la cause de la maladie empoisonnement provoqué,definition
13109,Nukun ce ɖo hɔnlinu.,Un homme a tué un roitelet et l'a envoyé au palais du roi. - Mes yeux sont sur le chemin du palais.,definition
13325,"Mɛ gěgé hɛn nǔníná wá nú Mawu Mavɔmavɔ ɖo Jeluzalɛ́mu, bó lɛ́ ná nǔ ɖagbe ɖagbe lɛ́ɛ Ezekiyási Judáa xɔ́sú ɔ́, bɔ sín hwenɛ́nu ɔ́, é xɔ susu ɖo akɔta lɛ́ɛ bǐ nukɔn.",32.23,artefact
13365,kanɖe tɛnwe,47,artefact
13386,kanɖe ko atɔɔn nukun atɔn,68,artefact
13409,vì ɖáxó,titre donné par le peuple à l'héritier présomptif du trône d'abomey,definition
13473,Kanɖe afɔtɔn nukun we,57,artefact
13502,Ku do gbe ɖe,Merci pour la fois passée (il y a un certain temps),definition
13589,"Lo ɔ́, mɛ e ɖo Judáa lɛ́ɛ hu yě mɛ e blá axɔ́sú Amɔ́ni gbé bó hu i lɛ́ɛ bǐ, bó sɔ́ vǐ tɔn Joziyási ɖó zinkpo ɔ́ jí ɖó tɛn tɔn mɛ.",33.25,artefact
13603,"Ɖó mɛ e ɖo togun ɔ́ mɛ bó má slá wǔ ǎ lɛ́ɛ sukpɔ́; ɖo tají ɔ́, mɛ e ɖo akɔta Eflayímu tɔn ɔ́ mɛ lɛ́ɛ, Manasée tɔn ɔ́ mɛ lɛ́ɛ, Isakáa tɔn ɔ́ mɛ lɛ́ɛ kpódó Zabulɔ́ɔn tɔn ɔ́ mɛ lɛ́ɛ kpó gěgé slá wǔ ǎ. Yě ɖu Dǐndínwáyixwe ɔ́; yě ká xwedó nǔ e è wlǎn dó sɛ́n ɔ́ mɛ ɖɔ è ɖǒ ná wa lɛ́ɛ dó ɖu ǎ. Énɛ́ ɔ́ wú wɛ Ezekiyási xo ɖɛ dó ta yětɔn mɛ ɖɔ:",30.18,artefact
13683,Towe jawe nu we.,Tu ris avec tes dents blanches. - Ton tour arrivera.,definition
13847,E hínhán takín,Il a soufflé après avoir mangé du piment très fort.,definition
13932,É hízí kan dó,"Il l’a attaché avec la corde (mais sans serrer, il pourra vite s’en défaire).",definition
14021,Un ɖo ahanta lε,"'whisky, gin' alo yovozεn sin amɔ un ɖo 'champagne' a",definition
14143,"Yě ɖɔ nú mɛ e gosín ahwangbénu wá lɛ́ɛ ɖɔ: “Mi ma kplá ahwankannumɔ énɛ́ lɛ́ɛ wá fí ó, mi wa mɔ̌ ɔ́, mi ná dó hwɛ kɔ nú mǐ ɖo Mawu Mavɔmavɔ gɔ́n; mi jló ná dó hwɛ hwɛ jí nú mǐ ɖo Mawu Mavɔmavɔ nukɔn wɛ a? Hwɛgban e ɖo kɔ nú mǐ ɖ'ayǐ é ɖíe kó kpɛn káká bɔ Mawu Mavɔmavɔ ko sin xomɛ dó Izlayɛ́li to ɔ́ ɖésú e.”",28.13,artefact
14309,"Amɔ̌, midɛɛ lɛ́ɛ ɔ́, mi syɛ́nlǐn; awakanmɛ ní ma kú mi ó, ɖó nǔ e mi wa lɛ́ɛ bǐ sín ajɔ ɖe.”",15.7,artefact
14334,a mɔ ɛ à,l'as-tu vu - non - je pensais que tu l'avais vu,definition
14334,éŏ,l'as-tu vu - non - je pensais que tu l'avais vu,definition
14439,kosílé,nattes ajourées que l'on met aux portes ou aux fenêtres,definition
14439,kosíwúnɖé,nattes ajourées que l'on met aux portes ou aux fenêtres,definition
14447,"Énɛ́ ɔ́, vɔ̌sánú-xwlémawutɔ́ ɖaxó Azalyahu e jɔ ɖo Sadɔ́ku hɛ́nnu mɛ ɔ́ yí gbe n'i ɖɔ: “Sín hwenu e è jɛ nǔjɔ hɛn wá Mawu Mavɔmavɔ xwé gbe jí ɔ́, nǔɖuɖu ɖe bɔ è nɔ ɖu bó nɔ́ gɔ́ xo, bɔ é nɔ́ lɛ́ kpo bɔ é nɔ́ hwe ɖěbǔ ǎ. Ɖó Mawu Mavɔmavɔ dó nú togun tɔn. Ée è ɖu kpo lɛ́ɛ ɖíe è kplé ɖó fí e.”",31.10,artefact
14473,Axɔ́sú Izlayɛ́li tɔn Akábu kpódó Jozafáti axɔ́sú Judáa tɔn kpó yi tɔ́n ahwan Hlamɔti ɖo Galadi.,18.28,artefact
14605,un kpa dó wè,je te mets au défit de dire p ex dans quelle main j'ai caché l'objet,definition
14636,"Vɔ̌sánú e togun ɔ́ hɛn wá bó ná dó sá vɔ̌ e è nɔ dó zo ɔ́ ná lɛ́ɛ bǐ bló nyibú kanɖé gban (70), agbo kanwe ko (100) kpódó lɛ̌ngbɔ́ví afɔɖé (200) kpó.",29.32,artefact
14756,Kanɖe gban nukun dokpo,71,artefact
14853,"Mɛ e kplé ɖo Jeluzalɛ́mu lɛ́ɛ bǐ ɖu wɔ̌xúxú e mɛ è ma dó tɔ́n ǎ é sín xwe ɔ́ kpó awǎjijɛ ɖaxó ɖé kpó, xɔ azǎn tɛ́nwe. Ayǐhɔ́ngbe ayǐhɔ́ngbe ɔ́, Levíi ví lɛ́ɛ kpó vɔ̌sánú-xwlémawutɔ́ lɛ́ɛ kpó nɔ́ ɖo susu kpa nú Mawu Mavɔmavɔ wɛ, kpó nǔxonú e ɖi gbe ganjí, bɔ è nɔ zán dó kpa susu nú Mawu Mavɔmavɔ lɛ́ɛ kpó.",30.21,artefact
14994,Afɔtɔn nukun εnε,19,artefact
15031,Kɔ tɔn gbo ala,"Elle a un joli cou ""Son cou fait des plis""",definition
15128,"É lɔmɔ̌ wa nǔ nyanya Izlayɛ́li xɔ́sú lɛ́ɛ ɖɔhun. É wa nǔ e ma nyɔ́ Mawu Mavɔmavɔ nukún mɛ ǎ é, lě e Akábu hɛ́nnu ɔ́ bló gbɔn é, ɖó é da Akábu sín vǐ ɖokpó.",21.6,artefact
15156,"Levíi ví e ɖo gbesisɔ mɛ, bó ɖo azɔ̌ wa nú Mawu Mavɔmavɔ wɛ kpó ayi yětɔn bǐ kpó lɛ́ɛ ɔ́, xó e Ezekiyási ɖɔ lɛ́ɛ xo ayi yětɔn zlɛ́. Yě ɖu kanlin e yě hu lɛ́ɛ xɔ azǎn tɛ́nwe, bó nɔ ɖo kɔnɖókpɔ́ vɔ́ lɛ́ɛ sá wɛ, bó nɔ́ ɖo susu kpa nú Mawu Mavɔmavɔ, Mawu tɔ́gbó yětɔn lɛ́ɛ tɔn wɛ.",30.22,artefact
15171,Awĭì kpódó nafí kpán,Le chat et sa tante (Le chat et la panthère (Conte)).,definition
15232,"Ezayíi 6.1 Oziyási zán wá kú bɔ è sɔ́ ɛ yi ɖi dó kúxwé axɔ́sú lɛ́ɛ tɔn; è sɔ́ ɛ yi ɖó tɔ́gbó tɔn lɛ́ɛ sín yɔdo mɛ ǎ, ɖó gudu e é jɛ ɔ́ wú. Vǐ tɔn Yotámu ɖu axɔ́sú ɖó tɛn tɔn mɛ.",26.23,artefact
15335,Kɔ̀ kú mì,Le cou me fait mal (après avoir porté une charge).,definition
15479,galí ɖesinmὲ,gari dont on a retiré l'amidon pour faire du tapioca,definition
15511,ko atɔɔn nukun we,27,artefact
15522,É dó zĭn,Il a fait le zĭn (Amulette qui fait passer inaperçu).,definition
15653,"Mi ɖótó mì, bó jó kannumɔ énɛ́ lɛ́ɛ e mi wlí ɖo nɔví mitɔn lɛ́ɛ mɛ lɛ́ɛ dó, nú yě ní yi xwé. Ɖó midɛɛ lɛ́ɛ sin xomɛ dó wɛ Mawu Mavɔmavɔ ɖe din.”",28.11,artefact
15712,"Jozafáti ɖɔ xá togun ɔ́, bó ɖe yě mɛ e ná ji han lɛ́ɛ, bɔ yě fɔ awu e è nɔ zán ɖo Mawu Mavɔmavɔ xwé gbe lɛ́ɛ, bó jɛ ahwangɔnu ɔ́ nukɔn, lobo ɖo Mawu Mavɔmavɔ sɔ́ su wɛ dó han mɛ ɖɔ: “Mi kpa susu nú Mawu Mavɔmavɔ, ɖó wǎn yíyí tɔn ɖó dogbó ǎ.”",20.21,artefact
15741,Un glo e,"Je lui ai échappé, je ne suis plus sous ses ordres",definition
15756,kanwe afɔtɔn,95,artefact
15877,"Sɔ́ja kanwekogán énɛ́ lɛ́ɛ gbɔn Judáa to ɔ́ bǐ mɛ. Yě gbɔn Judáa toxo lɛ́ɛ ɖokpó ɖokpó mɛ, bó kplé Levíi ví lɛ́ɛ kpó hɛ̌nnugán e ɖo Izlayɛ́li lɛ́ɛ kpó, bó kplá yě wá Jeluzalɛ́mu.",23.2,artefact
15886,"É ɖɔ nú yě ɖɔ yě ní yi ɖɔ nú mɛ e sɛ́ yě dó gɔ̌n émí tɔn ɔ́ ɖɔ xó e Mawu Mavɔmavɔ, Mawu Izlayɛ́li tɔn ɔ́ ɖɔ ɔ́ ɖíe;",34.23,artefact
16283,"Cicáki Ejípu xɔ́sú ɔ́ hɛn kɛkɛ́ví afayizɛ́n (1.200), sɔ́xátɔ́ adɔ̌kpo atɔn (60.000), bó nɔ sɔ́ja maxamaxa Libíinu, Súki kpó Etiopíinu kpó nu, bɔ yě xwedó e sín Ejípu, bó tɔ́n ahwan Jeluzalɛ́mu.",12.3,artefact
16330,dŏ kpέ vĭ,gâter un enfant en le considérant toujours comme un bébé,definition
16392,tún azɔ̀,renvoyer la fumée par la bouche ou par les narines,definition
16422,nyɔ̀núkpétɔ́ si,une personne née entre un garçon et une fille si le garçon suit,definition
16492,"Togun ɔ́ lɛ́ kpo ɖo vɔ̌ sá gbɔn só ta só ta wɛ; amɔ̌, Mawu Mavɔmavɔ, Mawu yětɔn kɛ́ɖɛ́ jɛ́n yě nɔ́ sá ná.",33.17,artefact
16588,fàn gi nù,délayer de la pâte de farine de maïs dans de l'eau,definition
16711,"Yě bɛ́ wǔsláslá ɔ́ ɖo sun nukɔntɔn ɔ́ sín azǎn nukɔntɔn ɔ́ gbe, bɔ azǎn tɔn tántɔngɔ́ ɔ́ gbe ɔ́, yě byɔ́ Mawu Mavɔmavɔ sín hɔnnúwa sá, bó sɔ́ azǎn tántɔn ɖó te dó slá wǔ nú Mawu Mavɔmavɔ xɔ ɔ́. Yě fó nǔwiwa énɛ́ ɔ́ ɖo sun nukɔntɔn ɔ́ sín azǎn afɔtɔn-nukún-ɖokpógɔ́ ɔ́ gbe.",29.17,artefact
16715,kanwe nukun atɔn,83,artefact
16869,kanwe wo ɖokpo,91,artefact
16909,"Ezɛ́ɛ, Ovadia, Eliavu,","Ézer, le chef ; Abdias, le second ; Éliab, le troisième ;",definition
16975,e dà tú akpó,il a tiré un coup de fusil et il a raté la cible,definition
16980,"Énɛ́ ɔ́, axɔ́sú Izlayɛ́li tɔn ɔ́ ɖɔ nú Jozafáti ɖɔ: “Un ma ɖɔ mɔ̌ nú we a? É nɔ́ mɔ nǔ ɖagbe ɖé bó nɔ́ ɖɔ nú mì gbeɖé ǎ, xó nyanya kɛ́ɖɛ́ jɛ́n é nɔ mɔ ɖɔ nú mì.”",18.17,artefact
16985,Vì cé ɖò fɛɛ̀,"Mon enfant est à l’aise, il mène une bonne vie.",definition
16995,"Ée axɔ́sú ɔ́ jɛ nǔ e yě nɔ́ kplɔ́n ɛ lɛ́ɛ xwedó jí ɔ́, Izlayɛ́li ví lɛ́ɛ jó Mawu Mavɔmavɔ, Mawu tɔ́gbó yětɔn lɛ́ɛ tɔn ɔ́ sín xwé ɔ́ dó, bó jɛ vodún Acela kpó bǒcyɔ ɖěvo ɖěvo lɛ́ɛ kpó sɛn jí. Énɛ́ ɔ́ wú wɛ Mawu Mavɔmavɔ sin xomɛ dó axɔ́súɖuto Judáa tɔn ɔ́ kpó Jeluzalɛ́mu toxo ɔ́ kpó.",24.18,artefact
17029,"Ée yě ɖu xwe ɔ́ fó ɔ́, vɔ̌sánú-xwlémawutɔ́ Levíi ví lɛ́ɛ sí te bó xo ɖɛ dó togun ɔ́ jí. Mawu ɖótó yě, bɔ ɖɛ yětɔn hun káká yi sɛ́xwé, nɔtɛn mímɛ́ Mawu tɔn ɔ́.",30.27,artefact
17119,"Filisitɛ́ɛn ɖé lɛ́ɛ nɔ́ hɛn nǔ bó nɔ́ wá ná Jozafáti, bó nɔ hɛn kpatágan dó wá ná nǔjɔ. Alabíinu lɛ́ɛ lɔ nɔ hɛn kanlin wá. Yě nɔ́ hɛn agbo děgba ɖě afɔwó-afatɔ́n nǔwɔntɔn kanwe ko (7.700), gbǎgbá děgba ɖě afɔwó-afatɔ́n nǔwɔntɔn kanwe ko (7.700).",17.11,artefact
17193,"Xwédo Hemani tɔn mɛ ɔ́, Yexiyɛ́li kpó Cimɛ́yi kpó sí te. Xwédo Yedutún tɔn mɛ ɔ́, Cemaya kpó Wuziyɛ́li kpó sí te.",29.14,artefact
17214,Kú dó zɔnlìn,Merci pour le chemin (A quelqu’un qui a apporté une commission ou qui est venu vous voir de loin).,definition
17268,kanwe nukun ɖokpo,81,artefact
17418,"Ejípu xɔ́sú ɔ́ ka wá ɖe e sín axɔ́súzinkpo jí ɖo Jeluzalɛ́mu, bó byɔ́ nǔjɔ Judáa to ɔ́, bɔ yě ná kpatágan kilóo afɔwó-afatɔ́n (3.000) kpó siká kilóo gban (30) kpó.",36.3,artefact
17430,Afɔ tɔn gɛdɛ,"On ne sait pas ce qu'il fait "" son pied est tortueux """,definition
17455,"Yexoyada da asi we nú Joasi, bɔ é ji vǐ súnnu bó ji nyɔ̌nu.",24.3,artefact
17648,wŭn afɔ̀,ramener les jambes vers soi lorsqu'on est assis par terre,definition
17780,gbò tɔ̀,mettre des barrières en travers de la rivière pour arrêter les poissons,definition
17842,"Ée mɛɖé má ɖótó yě ǎ ɔ́, Yɛ Mawu tɔn wá Zekaliya vɔ̌sánú-xwlémawutɔ́ Yexoyada ví ɔ́ jí, bɔ é nɔ te togun ɔ́ nukɔn, bó ɖɔ: “Mi ɖótó xó e ɖɔ nú mi wɛ Mawu ɖe é; é ɖɔ: ‘Étɛ́wú wɛ mi nɔ gba sɛ́n ce lɛ́ɛ? Nǔɖé sɔ́ ná nyɔ́ nú mi ǎ. Mi jó nyɛ Mawu Mavɔmavɔ dó, nyi lɔmɔ̌ ná jó mi dó.’ ”",24.20,artefact
17934,"Amasiyasi nɔ wa nǔ e nyɔ́ Mawu Mavɔmavɔ nukún mɛ é, amɔ̌, ayixa tɔn bǐ ɖo Mawu jí ǎ.",25.2,artefact
17984,"Bɔ Mawu Mavɔmavɔ kanbyɔ́ ɛ ɖɔ: ‘Nɛ̌ wɛ a nǎ bló gbɔn?’ Bɔ é yí gbe nú Mawu Mavɔmavɔ ɖɔ: ‘Un ná yi, bó ná nyí yɛ adingbannɔ ɖo gbeyíɖɔ tɔn lɛ́ɛ bǐ sín nu mɛ.’ Ée é ɖɔ mɔ̌ ɔ́, Mawu Mavɔmavɔ ɖɔ n'i ɖɔ: ‘Wlɛnwín ɖagbe nɛ́! A nǎ kpé wú bó ná blɛ́ ɛ nǔgbó.Bo yi bo bló gbɔn mɔ̌.’",18.21,artefact
18021,Flé wɔ̆ ɖù,Découper la pâte en petits morceaux et la mélanger à la sauce pour la réchauffer avant de la manger.,definition
18022,N'í nyí kplókpló,Que ce soit pour la première et la dernière fois.,definition
18084,Vi ny'avɔ ɖe,L'enfant est (comme) un pagne (dont on peut se couvrir).,definition
18090,É zán gbɛ jlɔ́jlɔ́ tɔ́ tɔn Asa ɖɔhun. É nɔ wa nǔ e sɔgbe ɖo Mawu Mavɔmavɔ nukún mɛ é. É lɛ́ kɔ sín nǔ e tɔ́ ɔ́ nɔ́ wa lɛ́ɛ ɖěbǔ gúdo ǎ.,20.32,artefact
18200,Glo mɔ glo sɔ,"Le sac a pris le sac ""Qui se ressemble s'assemble""",definition
18328,sɔ́ kέn,se laver complètement jusqu'à ce que des gouttelettes restent sur la peau,definition
18328,sέn ayì,se laver complètement jusqu'à ce que des gouttelettes restent sur la peau,definition
18350,"É má nyí éyɛ́ Ezekiyási ɔ́ wɛ ká gba tɛn e ɖo só jí bɔ è nɔ sɛn Mawu ɖe lɛ́ɛ kpó vɔ̌sákpe Mawu tɔn lɛ́ɛ kpó, lobo ɖɔ nú Judáanu lɛ́ɛ kpó Jeluzalɛ́munu lɛ́ɛ kpó ɖɔ vɔ̌sákpe ɖokpó géé nukɔn wɛ yě ná nɔ́ ɖe kɔ́ ɖe, lobo ná nɔ dó zǎlínkpɔ́n zo ɖ'é jí ɖe ǎ cé?",32.12,artefact
18360,Kanɖe ko,60,artefact
18422,Yexolámu tlɛ mɛ vodúnkpe lɛ́ɛ ɖó Judáa sín só lɛ́ɛ ta. É bló mɔ̌ dó dɔn Jeluzalɛ́munu lɛ́ɛ kpódó Judáanu lɛ́ɛ kpó bɔ yě sɔ́ nɔ́ nɔ gbejí nú Mawu Mavɔmavɔ ǎ.,21.11,artefact
18430,kanɖe ko nukun atɔn,63,artefact
18513,Xwè nyɔ̀,"Marquer la désapprobation par un certain bruit de la mâchoire, claquer la langue en signe de désapprobation ou d’ennui !",definition
18636,kanɖe gban nukun ɖokpo,71,artefact
18642,Kanwe wo atɔɔn nukun εnε,99,artefact
18709,é bɛ́ afɔkɔ́ tɔ̀n,il a ramassé le sable de son empreinte afin d'en faire un bŏ pour pouvoir lui nuire,definition
18738,Ajanuhla mi hɔnkekle.,Une hyène a avalé un petit scorpion. - C'est si petit et pourtant c'est savoureux.,definition
18755,un hwlán sìn,j'ai pris de l'eau dans la bouche sans la boire,definition
19072,avɔ élɔ́ gɔ̀,ce pagne est sale au point qu'on ne pourra plus redonner sa couleur primitive,definition
19076,"Énɛ́ ɔ́, mɛ tobutóbú ɖé lɛ́ɛ kplé bó sú tɔjɔtɛn lɛ́ɛ bǐ kpó tɔ e è ɖe ali ná, bɔ é nɔ́ sa gbɔn do glɔ́ é kpó. Ɖó yě nɔ́ ɖɔ nú yěɖée ɖɔ: “Axɔ́sú Asilíi tɔn ɔ́ wá fí ɔ́, é ná mɔ sin gěgé bó zán ǎ.”",32.4,artefact
19087,Glelilɛ ma nyɔ ze,"On ne peut emporter un champ "" Le travail du champ n'est pas bon à prendre """,definition
19146,"Ezekiyási wɛ hun Mawu Mavɔmavɔ xwé ɔ́ sín hɔn lɛ́ɛ, lobo bló yě ɖó xwe e xwe é yi zinkpo jí é. Sun e mɛ é yi zinkpo jí ɔ́ jɛ́n é bló yě ɖó.",29.3,artefact
19148,"Nǔ e axɔ́sú Akázi e ma nɔ gbejí nú Mawu ǎ ɔ́ ɖu su ná hwenu e é ɖo zinkpo jí lɛ́ɛ ɔ́ bǐ ɔ́, mǐ kó bló bǐ ɖó bó slá wǔ nú bǐ. Yě nɛ́ ɖo vɔ̌sákpe Mawu Mavɔmavɔ tɔn nukɔn fínɛ́ nɛ́.”",29.19,artefact
19236,"Yě byɔ́ xwé ɔ́ gbe, bó húzú kpan nukɔn axɔ́sú Oziyási, bó ɖɔ n'i ɖɔ: “Axɔ́sú Oziyási, a ɖǒ acɛ e xwlé zǎlínkpɔ́n Mawu Mavɔmavɔ ɔ́ ǎ. Vɔ̌sánú-xwlémawutɔ́ Aalɔ́ɔn ví lɛ́ɛ wɛ ɖó acɛ énɛ́; yědɛɛ lɛ́ɛ wɛ è sɔ́ bɔ yě ná nɔ xwlé zǎlínkpɔ́n Mawu Mavɔmavɔ. Tɔ́n, ɖó a ɖo su ɖu wɛ! Ɖagbe ɖě ká ɖ'é mɛ nú we ɖo Mawu Mavɔmavɔ gɔ́n ǎ.”",26.18,artefact
19288,hŭ jă,cérémonie que l'on fait chaque année à la récolte du mil,definition
19361,Bó ɖù nǔ,"Eh bien, mange (Si elle est intime, elle peut accepter l’offre).",definition
19369,"È sɔ́ vɔ̌sánú-xwlémawutɔ́ lɛ́ɛ sín kɛ́n gbɔn xwédo yětɔn yětɔn mɛ. Amɔ̌, Levíi ví lɛ́ɛ ɔ́, è kpɔ́n azɔ̌ e mɛ ɖokpó ɖokpó nɔ́ wa ɔ́ kpó gbɛ̌ta e mɛ mɛ ɖokpó ɖokpó ɖe ɔ́ kpó, bó sɔ́ mɛ e ɖó bɛ́ sín xwe ko káká sɔ́yi lɛ́ɛ sín kɛ́n.",31.17,artefact
19439,tέ vĭ,endormir un enfant en se couchant à côté de lui,definition
19517,E ku fyan mi,"Sa mort subite m'a surpris "" il mourir surprendre moi """,definition
19605,kanwe afɔtɔn nukun ɛnɛ,99,artefact
19613,"Yexoyada lɛ́ kplé sɔ́ja kanwekogán lɛ́ɛ, tonukún lɛ́ɛ, gǎn lɛ́ɛ kpódó togun ɔ́ bǐ kpó, bɔ yě kplá axɔ́sú ɔ́ tɔ́n sín Mawu Mavɔmavɔ xwé ɔ́ gbe. Yě gbɔn hɔntogbó ɖaxó ɔ́ nu byɔ́ hɔn ɔ́ mɛ. Énɛ́ ɔ́, è sɔ́ Joasi jínjɔ́n axɔ́súzinkpo ɔ́ jí.",23.20,artefact
19896,azɔmɛvi lɛ ɖo azɔxɔmɛ,dans la salle de classe il y a des élèves,definition
19904,Asa ɖe vɔ̌sákpe e jí yě nɔ́ sá vɔ̌ nú vodún lɛ́ɛ ɖe lɛ́ɛ kpódó vodún xwé e ɖo só jí lɛ́ɛ kpó síin.,14.2,artefact
19973,"Yotámu sín acɛkpikpa nɔ ɖo syɛ́nsyɛ́n d'é jí wɛ, ɖó é nɔ́ zán gbɛ tɔn ɖó jlɔ̌jlɔ́ jí ɖo Mawu Mavɔmavɔ, Mawu tɔn nukɔn.",27.6,artefact
19982,"é kplé azaglɔ́gán tɔn lɛ́ɛ kpó ahwanfuntɔ́ syɛ́nsyɛ́n lɛ́ɛ kpó, bó ɖɔ nú yě ɖɔ è nǎ sú tɔjɔtɛn e ma ɖo toxo ɔ́ mɛ ǎ lɛ́ɛ, bɔ yě yǐ gbe nú xó tɔn.",32.3,artefact
20018,kú dó zɔnlìn,merci pour la course a quelqu'un qui a apporté une commission ou qui est venu vous voir de loin,definition
20060,xwè nyɔ̀,marquer la désapprobation par un certain bruit de la mâchoire,definition
20226,gbò wundà,faire un signe en relevant et en abaissant les sourcils pour dire oui,definition
20245,E su gajaa,"II a grandi énormément, il est devenu un vrai géant",definition
20269,Dèmá ɔ́ jò,La feuille de palmier est effeuillée (Il ne reste que la fibre).,definition
20310,kanɖe ko atɔɔn nukun ɛnɛ,69,artefact
20327,A ko dó yakpá,"Tu as déjà mis bas. (Se dit comme insulte pour une femme flétrie, sans attrait ).",definition
20354,"Hwi ɖésú ɔ́, é ná sɛ́ azɔn tɛnmɛ tɛnmɛ dó we, xomɛzɔn ɖé ná bɛ́ nú we bó fɔ́n ɔ́, é ná nɔ́ ɖo syɛ́nsyɛ́n d'é jí wɛ káká bɔ adɔ e ɖo xo towe mɛ lɛ́ɛ ná tɔ́n jɛ wěxo.’ ”",21.15,artefact
20449,kanɖe afɔtɔn,55,artefact
20548,kanɖe gban atɔɔn nukun we,77,artefact
20585,"Xwe tántɔn wɛ Yoyakini ɖó bó yi zinkpo jí ɖo Jeluzalɛ́mu, bó ɖu axɔ́sú nú sun atɔn azǎn wǒ. Nǔ e ma nyɔ́ Mawu Mavɔmavɔ nukún mɛ ǎ lɛ́ɛ wɛ é wa.",36.9,artefact
20607,"Amɔ̌, mi ná ɖɔ nú axɔ́sú Judáa tɔn e sɛ́ mi dó ɖɔ mi ní wá kan nǔ byɔ́ Mawu Mavɔmavɔ ɔ́ ɖɔ xó e Mawu Mavɔmavɔ, Mawu Izlayɛ́li tɔn ɔ́ ɖɔ dó xó e a se lɛ́ɛ wú ɔ́ ɖíe:",34.26,artefact
20628,"Énɛ́ ɔ́, mɛ e wá kplé ɖo Judáa lɛ́ɛ bǐ ɖo awǎjijɛ mɛ: vɔ̌sánú-xwlémawutɔ́ lɛ́ɛ, Levíi ví lɛ́ɛ, Judáanu lɛ́ɛ, mɛ e tɔ́n xwe ɔ́ gbé sín axɔ́súɖuto Taligbé tɔn lɛ́ɛ, Izlayɛ́linu e wá cí Judáa lɛ́ɛ.",30.25,artefact
20633,é ɖè,ta mère est-elle à la maison - elle y est - se porte-t-elle bien - oui,definition
20633,é ɖò ɖagbe à,ta mère est-elle à la maison - elle y est - se porte-t-elle bien - oui,definition
20633,é ɖè,ta mère est-elle à la maison - elle y est - se porte-t-elle bien - oui,definition
20753,Kanweko nukun we,102,artefact
20807,Afɔtɔn nukun ɛnɛ,19,artefact
20853,"Lo ɔ́, Amasiyasi wlí tó xó énɛ́ wú ǎ. Ɖó Mawu ko jló ná jó Amasiyasi kpó sɔ́ja tɔn lɛ́ɛ kpó nú kɛntɔ́ yětɔn lɛ́ɛ, ɖó yě húzú kpan nukɔn Edɔ́mu vodún lɛ́ɛ bó nɔ́ sɛn.",25.20,artefact
20975,oóó nú wè,honte à toi qui as fait une faute pour t'amuser,definition
21084,"Énɛ́ ɔ́, yɛ Mawu Mavɔmavɔ tɔn wá Yaxaziɛ́li jí ɖo agun ɔ́ mɛ. Yaxaziɛ́li ɔ́, Zekaliyahu ví wɛ é nyí, bó nyí Benaya vívú, bó nyí Yeyiɛ́li vívú vivu, bó nyí Mataniya vitikli, bó nyí Levíi ví, bó jɔ ɖo Asáfu kún mɛ.",20.14,artefact
21096,"Sɔ́ja e nɔ hɛn gǎ lɛ́ɛ da gǎ dó axɔ́sú Joziyási, bɔ é ɖɔ nú mɛsɛntɔ́ tɔn lɛ́ɛ ɖɔ: “Mi zé mi yi xwé, ɖó un ɖo ganjí ɖěbǔ ǎ.”",35.23,artefact
21222,"Yexoyada zé hɔnjínɔtɔ́ lɛ́ɛ ɖó Mawu Mavɔmavɔ xwé ɔ́ sín hɔntogbó lɛ́ɛ jí, bónú mɛ e wa nǔblíblí lɛ́ɛ ɖokpó ní má byɔ́ xwé ɔ́ gbe ó.",23.19,artefact
21285,a ko winnyá bĭ,tu es déjà un grand jeune homme tu es déjà une grande fille,definition
21427,"Ilukya kpó mɛ e axɔ́sú ɔ́ ɖe gɔ́ n'i lɛ́ɛ kpó yi gbeyíɖɔ Mawu tɔn nyɔ̌nu Hulida, Calúmu sín asi ɔ́ gɔ́n. Calúmu ɔ́, Tokáti ví wɛ, bó nyí Hasla vívú; é wɛ nɔ cɔ́ awu e ɖo Mawu xwé gbe lɛ́ɛ. Jeluzalɛ́mu wɛ Hulida nɔ́ nɔ, ɖo Jeluzalɛ́mu sín slá yɔ̌yɔ́ ɔ́ mɛ. Yě yi mɔ Hulida, bó ɖɔ xó ɔ́ n'i, lě e axɔ́sú ɔ́ ɖɔ gbɔn é.",34.22,artefact
21440,"Yě nɔ́ kpé nukún dó mɛ e ɖo azɔ̌wanú tɛnmɛ tɛnmɛ fɔ wá wɛ lɛ́ɛ wú, bó ɖo mɛ e ɖo azɔ̌ wa wɛ lɛ́ɛ bǐ jí kpɔ́n wɛ gbɔn azɔ̌ ɖokpó ɖokpó kɔn. Levíi ví ɖěvo lɛ́ɛ nyí wěgbójínɔtɔ́, nǔjíkpɔ́ntɔ́ kpó hɔnjínɔtɔ́ kpó.",34.13,artefact
21480,"Ezayíi 14.28 Akázi zán wá kú bɔ è sɔ́ ɛ yi ɖó Jeluzalɛ́mu, è sɔ́ ɛ ɖó axɔ́sú Izlayɛ́li tɔn lɛ́ɛ sín yɔdo mɛ ǎ. Vǐ tɔn Ezekiyási wɛ ka ɖu axɔ́sú ɖó tɛn tɔn mɛ.",28.27,artefact
21739,Azwi lan ɖe,Il y a de la viande de lapin (ou lièvre),definition
21776,"Hwenɛ́nu ɔ́, axɔ́sú Akázi sɛ́ mɛ dó Asilíi xɔ́sú ɔ́, ɖɔ é ní wá gɔ́ alɔ nú émí.",28.16,artefact
21781,wùtú cé lí,mon corps porte en relief la trace de piqûres d'insectes,definition
21784,ajɔ̀ ná ɖi sà,la marchandise s'écoulera en guise de merci pour le supplément,definition
21863,kanɖe atɔn,43,artefact
21986,cέ aziín,décortiquer les arachides en laissant les coques mélangées aux graines quand on ne les sème pas tout de suite,definition
22015,A bĭ ɖĕbǔ ă,Es-tu un homme sans valeur ? - Tu n’es pas du tout malin.,definition
22020,"Tɛn mímɛ́ e ɖo to ɔ́ mɛ lɛ́ɛ ɖo fínɛ́, có Asa sín ayi bǐ nɔ Mawu Mavɔmavɔ jí, ɖo gbɛzán tɔn bǐ mɛ.",15.17,artefact
22177,"Mɛ e ɖo glɔ̌ tɔn, ɖo vɔ̌sánú-xwlémawutɔ́ lɛ́ɛ sín toxo lɛ́ɛ mɛ, bó nɔ́ má nǔɖuɖu nú nɔví yětɔn lɛ́ɛ, yɔkpɔ́vú kpó mɛxó kpó, gbɔn gbɛ̌ta yětɔn yětɔn mɛ lɛ́ɛ ɖíe: Edɛ́ni, Mɛyamini, Yecúwa, Cemayahu, Amaliyahu kpódó Cekaniyahu kpó.",31.15,artefact
22282,Un kpa dó wè,Je te mets au défit de dire (p. Ex. Dans quelle main j’ai caché l’objet).,definition
22354,É da tú làn,Il a tiré un coup de fusil sur du gibier.,definition
22609,"“Xó e Dadá Pɛ́si tɔn Silúsi ɖɔ ɔ́ ɖíe: Mawu Mavɔmavɔ, Mawu jǐnukúnsin tɔn ɔ́ sɔ́ axɔ́súɖuto e ɖo ayǐkúngban jí lɛ́ɛ bǐ ɖó acɛ ce mɛ; é zɔ́n mì ɖɔ nyɛ ní sá xwé ɖokpó nú émí ɖó Jeluzalɛ́mu ɖo Judáa. Mi mɛ e ko sixú ɖo togun tɔn mɛ lɛ́ɛ bǐ ní lɛ́ kɔ yi Jeluzalɛ́mu. Mawu Mavɔmavɔ, Mawu mitɔn ní nɔ kpɔ́ xá mi.”",36.23,artefact
22800,Xò wɔ̆,Secouer la pâte pour qu'elle adopte la forme du récipient.,definition
22830,"Énɛ́ ɔ́ gúdo ɔ́, è ɖǒ gan gbɔn Judáa kpó Jeluzalɛ́mu kpó; è ɖǒ gan ɖɔ è nǐ zé tokwɛ́ e xó Mɔyízi mɛsɛntɔ́ Mawu Mavɔmavɔ tɔn ɔ́ ɖɔ ɖo gbětótló mɛ ɔ́ wá; tokwɛ́ e xó é ɖɔ è nǐ yǐ ɖo Izlayɛ́li ví lɛ́ɛ sí ɔ́, è ɖǒ gan ɖɔ è nǐ zé wá.",24.9,artefact
22836,e gbò lan ɖù,il a pris une partie de la viande et l'a mangée,definition
22855,"Hwenu e Cicáki jǎwe ɔ́, Hlobowámu kpódó Judáa gán lɛ́ɛ kpó wá kplé cí Jeluzalɛ́mu, bɔ gbeyíɖɔ Mawu tɔn Cemaya yi yě gɔ́n, bó ɖɔ nú yě ɖɔ: “Mi ɖótó nǔ e Mawu Mavɔmavɔ ɖɔ é: ‘Mi jó mì dó! Din ɔ́, nyi lɔ ná jó mi dó; un jó mi nú Cicáki.’ ”",12.5,artefact
22859,"Ée adǎn gbo e mɔ̌ ɔ́, é sú xó ylɔ́ Mawu Mavɔmavɔ, Mawu tɔn, lobo sɔ́ éɖée hwe bǐ, ɖo Mawu e tɔ́gbó tɔn lɛ́ɛ nɔ sɛn ɔ́ nukɔn.",33.12,artefact
22991,xò ɖɛ̀ nú vodún,dire des louanges d'un vaudoun pour obtenir quelque chose de lui,definition
23105,Kanɖe gban nukun atɔn,73,artefact
23143,"Ée é ɖɔ mɔ̌ ɔ́, Micée ɖɔ n'i ɖɔ: “Un mɔ nǔ: un mɔ Izlayɛ́li togun ɔ́ bǐ gba dó gbɔn sókan mɛ sókan mɛ, lɛ̌ngbɔ́ e má ɖó nyinyitɔ́ ǎ lɛ́ɛ ɖɔhun, bɔ Mawu Mavɔmavɔ ɖɔ: ‘Mɛ nɛ́ lɛ́ɛ sɔ́ ɖó mɛɖé bɔ é ɖo yě nu ǎ. Mɛ ɖokpó ɖokpó ní bó lɛ́ kɔ yi xwé tɔn gbe; è ma fun ahwan ó!’ ”",18.16,artefact
23244,Kanɖe watɔn,53,artefact
23403,"Micée ka ɖɔ n'i ɖɔ: “Se nǔ e Mawu Mavɔmavɔ ɖɔ ɔ́. Un mɔ Mawu Mavɔmavɔ ɖo ayǐjínjɔ́n ɖo axɔ́súzinkpo tɔn jí, bɔ mɛsɛntɔ́ sɛ́xwé tɔn lɛ́ɛ bǐ ɖo gɔ̌n tɔn. Mɛ hǎbǔ ɖo ɖisí tɔn xwé, bɔ mɛ hǎbǔ ɖo amyɔ tɔn xwé.",18.18,artefact
23496,ko atɔɔn nukun atɔn,28,artefact
23499,kanwe afɔtɔn nukun ɖokpo,96,artefact
23692,Kanɖe gban nukun ɖokpo,71,artefact
23707,kanwe afɔtɔn nukun we,97,artefact
23745,Kanɖe nukun εnε,44,artefact
23856,"Gbeyíɖɔ Mawu tɔn Elíi bló wěma sɛ́ dó e gbe ɖokpó, bɔ wěma ɔ́ ɖo ɖiɖɔ wɛ ɖɔ: “Xó e Mawu Mavɔmavɔ, Mawu tɔ́gbó towe Davídi tɔn ɔ́ ɖɔ ɔ́ ɖíe: ‘A wa nǔ tɔ́ towe Jozafáti ɖɔhun ǎ; a ka wa nǔ axɔ́sú Judáa tɔn Asa ɖɔhun ǎ.",21.12,artefact
23871,"Axɔ́sú Manasée sín tan e kpo lɛ́ɛ, xó e é xo ɖɛ bo ɖɔ nú Mawu tɔn lɛ́ɛ kpódó xó e nǔmɔtɔ́ lɛ́ɛ ɖɔ n'i dó Mawu Mavɔmavɔ, Mawu Izlayɛ́li tɔn nyíkɔ mɛ lɛ́ɛ kpó ɔ́, è wlǎn bǐ dó axɔ́sú Izlayɛ́li tɔn lɛ́ɛ sín Tan wéma mɛ.",33.18,artefact
23937,"Énɛ́ ɔ́, Mawu Mavɔmavɔ sɛ́ ahwangán Asilíi xɔ́sú ɔ́ tɔn lɛ́ɛ dó Manasée kpó togun tɔn kpó, bɔ yě wlí Manasée bo dó klɔcée aglan n'i. Yě zě ganvɔ wlɔ dó dó gɛdɛ ɛ, bó sɔ́ ɛ yi Babilɔ́nu.",33.11,artefact
23942,"Ée yɛ ɔ́ wá Yaxaziɛ́li jí mɔ̌ ɔ́, é ɖɔ: “Judáanu e mi, Jeluzalɛ́munu e mi, mi ɖótó mì; axɔ́sú Jozafáti, hwi lɔ ní ɖótó mì. Mi ɖótó xó e Mawu Mavɔmavɔ ɖo ɖiɖɔ nú mi wɛ é; é ɖɔ: ‘Mi ma ɖi xɛsi ó, ado ní má hu mi ɖo ahwan wɔ̌buwɔ́bú e jǎwe ɔ́ nukɔn ó, ɖó ahwan énɛ́ ɔ́, mi wɛ ɖo nǎ fun wɛ ǎ, nyɛ Mawu wɛ ɖo nǎ fun wɛ.",20.15,artefact
24058,"un ná yí we ɖó tɔ́gbó towe lɛ́ɛ kpá; a nǎ yi yɔdo towe mɛ kpó fífá kpó bɔ nukún towe ná mɔ awě énɛ́ lɛ́ɛ e un ná sɛ́ dó Jeluzalɛ́mu kpó Jeluzalɛ́munu lɛ́ɛ kpó é ɖě ǎ.’ ” Ée yě se xó énɛ́ lɛ́ɛ ɔ́, yě yi ɖó gbe tɔn nú axɔ́sú ɔ́.",34.28,artefact
24253,kanwe afɔtɔn nukun atɔn,98,artefact
24283,"Yě wǎ tɔ́n ahwan axɔ́súɖuto Judáa tɔn ɔ́, bó nyi ahwan byɔ́ to ɔ́ mɛ, bó bɛ́ dɔkun e ɖo hɔnmɛ lɛ́ɛ bǐ, bó wlí axɔ́sú ɔ́ sín vǐ lɛ́ɛ kpó asi tɔn lɛ́ɛ kpó. Kpodé tɔn Akaziasi kɛ́ɖɛ́ wɛ yě jó dó n'i.",21.17,artefact
24510,"Vɔ̌sákpe e tɔ́ tɔn Ezekiyási gba gbɔn só jí só jí lɛ́ɛ ɔ́, é lɛ́ vɔ́ bǐ blóɖó. É bló vɔ̌sákpe gěgé nú Baalu bó tun vodún Acela te. É nɔ́ sɛn nǔ e nɔ́ ná wěziza ɖo jǐxwé lɛ́ɛ.",33.3,artefact
24578,wùtú cé lí,mon corps porte en relief la trace de coups de fouet,definition
24583,Asa fun ahwan ɖě káká có bó bló xwe gbantɔ́n (35) ɖo axɔ́súzinkpo jí ǎ.,15.19,artefact
24636,E gbijɔ gbade'ti ɔ,II a secoué le sac de maïs (pour le remplir),definition
24657,"Gbe énɛ́ gbe ɔ́, yě fɔ nyibú nǔwɔntɔn kanwe ko (700) kpódó gbɔ̌ děgba ɖě afɔwó-afatɔ́n (7.000) kpó ɖo kanlin e yě bɛ́ sín kɛntɔ́ yětɔn lɛ́ɛ sí lɛ́ɛ mɛ, bó dó sá vɔ̌ nú Mawu Mavɔmavɔ.",15.11,artefact
24898,Kanɖe gban nukun tεnwe,77,artefact
24968,"Énɛ́ ɔ́ gúdo ɔ́, yě yi axɔ́sú Ezekiyási gɔ́n, bó ɖɔ n'i ɖɔ: “Mǐ kó slá wǔ nú Mawu Mavɔmavɔ xwé ɔ́ bǐ: mǐ slá wǔ nú vɔ̌sákpe e jí è nɔ dó vɔ̌ zo ɖe ɔ́ kpó nǔ e è nɔ zán ɖo fínɛ́ lɛ́ɛ bǐ kpó, bó slá wǔ nú távo e jí è nɔ fɔ wɔ̌xúxú e è xwlé Mawu lɛ́ɛ ɖó ɔ́ kpó nǔ e è nɔ zán ɖo fínɛ́ lɛ́ɛ bǐ kpó.",29.18,artefact
25763,Azɔmεvi lε ɖo azɔxɔmε,"Dans la salle de classe, il y a des élèves.",definition
25799,"Lo ɔ́, vɔ̌sánú-xwlémawutɔ́ lɛ́ɛ sukpɔ́ bó ná sixú kɔ́n kanlin e è dǒ sá vɔ̌ lɛ́ɛ bǐ ǎ. Énɛ́ ɔ́, nɔví yětɔn Levíi ví lɛ́ɛ gɔ́ alɔ nú yě káká bɔ yě wa azɔ̌ ɔ́ bǐ fó, yě ɖo alɔ gɔ́ nú yě wɛ káká bɔ vɔ̌sánú-xwlémawutɔ́ ɖě lɛ́ɛ slá wǔ nú yěɖée. Ɖó Levíi ví lɛ́ɛ ko yá wǔ slá wǔ dó nukɔn nú vɔ̌sánú-xwlémawutɔ́ lɛ́ɛ.",29.34,artefact
25813,"É ɖó toxo ɖé lɛ́ɛ ayǐ; é ɖó gbɔ̌ kpódó nyibú kpó kɔn nyi kpɔ́, ɖó Mawu dǒ dɔkun n'i.",32.29,artefact
25829,bòjlὲjlὲ,nom donné un garçon né avec le cordon ombilical autour du cou et des mains,definition
25829,bósú mὲ kwliwùn,nom donné un garçon né avec le cordon ombilical autour du cou et des mains,definition
25912,Avɔ elɔ gɔ,Ce pagne est sale au point qu'on ne pourra plus lui rendre sa couleur primitive,definition
25944,kanɖe wo,50,artefact
25980,xɔ̀ wè nú mɛ,faire un cadeau à un danseur pour lui montrer qu'on est satisfait de sa danse (on lui colle une pièce ou un billet sur le front),definition
26066,afɔtɔn nukun ɛnɛ,19,artefact
26274,"Ée Izlayɛ́li xɔ́sú Yexoázi zán kú é ɔ́, Judáa xɔ́sú Amasiyasi nɔ gbɛ xɔ xwe afɔtɔn.",25.25,artefact
26326,"Mawu Mavɔmavɔ, Mawu Akázi tɔn ɔ́ jó Akázi nú axɔ́sú Silíi tɔn ɔ́, bɔ Silíinu lɛ́ɛ ɖu ɖo jǐ tɔn, bó wlí ahwanfuntɔ́ tɔn lɛ́ɛ gěgé, lobo kplá yě yi Damási. Mɔ̌ ɖokpó ɔ́ wɛ Mawu Mavɔmavɔ lɛ́ jó e nú Izlayɛ́li xɔ́sú Pekáxi, Hlemaliyahu ví ɔ́, bɔ é wa nǔ xá ɛ bɔ é vɛ́ jlɛ́.",28.5,artefact
26444,Jozafáti ka kanbyɔ́ ɖɔ: “Gbeyíɖɔ Mawu Mavɔmavɔ tɔn ɖě sɔ́ ɖo fí bónú mǐ ná kan nǔ byɔ́ Mawu Mavɔmavɔ gbɔn jǐ tɔn ǎ cé?”,18.6,artefact
26665,zɛ̀n nŭ mɛ wŭ,se rendre coupable d'un viol (un adulte avec une petite fille),definition
26736,ɖò mε ta,être dans la tête de quelqu'un (le vaudoun lors de la transe),definition
26924,kú dó gbe ɖé,merci pour la fois passée (il y a un certain temps),definition
26944,"É sa vo nú Mawu ɖɔ é ní kú nǔbláwǔ nú émí, bɔ Mawu Mavɔmavɔ yí ɖɛ tɔn, bó kplá ɛ wá Jeluzalɛ́mu, bó lɛ́ sɔ́ ɛ ɖó axɔ́súzinkpo tɔn jí. Énɛ́ ɔ́, Manasée mɔ ɖɔ Mawu Mavɔmavɔ ɖokpónɔ wɛ è ɖǒ nǎ sɛn.",33.13,artefact
26957,"Ée é ɖɔ mɔ̌ ɔ́, gbeyíɖɔ ɖě lɛ́ɛ bǐ ɖɔ xó ɖokpó ɔ́, bó wá ɖɔ nú Akábu ɖɔ: “Sɛ́mɛɖó! È nǐ yi Hlamɔti toxo mɛ ɖo Galadi yíkúngban jí, ahwan ɔ́ ná kpa mɛ. Mawu Mavɔmavɔ ná jó toxo ɔ́ nú mɛ.”",18.11,artefact
26987,"Xwe ko-nukún-we wɛ Amɔ́ni ɖó bó yi axɔ́súzinkpo jí ɖo Jeluzalɛ́mu, bó ɖu axɔ́sú nú xwe we.",33.21,artefact
27016,kanwe ko,100,artefact
27084,É mɔ̀ kpɛ́ xò,Elle a été enceinte alors que son enfant a moins de deux ans.,definition
27110,"Ée Oziyási tɔ́ kú ɔ́, é wɛ lɛ́ vɔ́ Eyilati toxo ɔ́ yí, bó blóɖó.",26.2,artefact
27154,"Yotámu wɛ bló hɔntogbó aga tɔn e ɖo Mawu Mavɔmavɔ xwé ɔ́ nu ɔ́, bó gbá xɔ gěgé ɖó ahohó Ofɛ́lu slá tɔn ɔ́ jí.",27.3,artefact
27276,e ɖúɖɔ́ jɛ̀,il a pris du sel avec le doigt pour le manger,definition
27300,E ɖɔ emi jawe.,Un revenant poursuit quelqu'un dans Hunjava. - Il dit qu'il arrive.,definition
27356,É wá jɛ hweɖénu bɔ Joasi mɔ ɖɔ émí ná bló Mawu Mavɔmavɔ xwé ɔ́ ɖó.,24.4,artefact
27362,Kanɖe nukun tεnnε,49,artefact
27390,"Ényí mi lɛ́ kɔ wá Mawu Mavɔmavɔ gɔ́n ɔ́, mɛ e kplá nɔví mitɔn lɛ́ɛ kpó vǐ mitɔn lɛ́ɛ kpó yi kannumɔgbénu lɛ́ɛ ná kú nǔbláwǔ nú yě, bó ná jó yě dó bɔ yě ná lɛ́ kɔ wá to élɔ́ mɛ. Ɖó Mawu Mavɔmavɔ, Mawu mitɔn nyɔ́ xomɛ bó nɔ kú nǔbláwǔ nú mɛ. Ényí mi lɛ́ kɔ wá gɔ̌n tɔn ɔ́, é ná ɖe kɔ sín mi wú ǎ.”",30.9,artefact
27431,kanwe wɛnɛ,94,artefact
27434,"É bɛ́ siká kpó kpatágan kpó, kpódó nǔ xɔ akwɛ́ tɛnmɛ tɛnmɛ kpó e ɖo Mawu xwé gbe, bɔ Ovɛ́di-Edɔ́mu nɔ cɔ́ lɛ́ɛ kpó, kpó ée ɖo dɔkunxɔ axɔ́sú ɔ́ tɔn mɛ lɛ́ɛ kpó. É bɛ́ mɛ e è wlǐ ɖó gbanu lɛ́ɛ lɔmɔ̌, lobo lɛ́ kɔ ɖidó Samalíi.",25.24,artefact
27474,"Izlayɛ́li xɔ́sú Yexoázi wlí Judáa xɔ́sú Amasiyasi, Joasi ví, Akaziasi vívú ɔ́ ɖo Bɛti-Cɛmɛ́ci bó kplá ɛ yi Jeluzalɛ́mu. Ée é kplá ɛ yi Jeluzalɛ́mu é ɔ́, é mu Jeluzalɛ́mu sín ahohó ɔ́, sín Eflayímu hɔntogbó ɔ́ jí káká wá jɛ Zwemɛhɔntogbó ɔ́ jí. Fí e é mu ahohó ɔ́ gbɔn ɔ́ yi nǔjlɛ́kpo afɔɖé (200) mɔ̌.",25.23,artefact
27477,é kàn nŭ,il a consulté ce peut être le fá ou un autre procédé de divination,definition
27484,ajámácóóó nú mi,mes félicitations cri de félicitations à un groupe de travailleurs réponse yabaɖaóóó,definition
27517,E byɔ gbade wɔ’xɔsu.,"On a demandé du maïs au roi de la pâte. - Quand la pluie tombait, étais-tu aveugle ?",definition
27659,gbò hwlă,réserver une part pour soi (pour ceux qui préparent à manger),definition
27777,"Énɛ́ ɔ́ gúdo ɔ́, yě gbo gbe kanlin e è nǎ dó ɖu Dǐndínwáyixwe ɔ́ ná lɛ́ɛ ɖo sun wegɔ́ ɔ́ sín azǎn wǒ-ɛnɛgɔ́ ɔ́ gbe. Énɛ́ ɔ́, winnyá hu vɔ̌sánú-xwlémawutɔ́ lɛ́ɛ kpódó Levíi ví lɛ́ɛ kpó, bɔ yě slá wǔ nú yěɖée, bó sá vɔ̌ e è nɔ dó zo lɛ́ɛ ɖo Mawu Mavɔmavɔ xwé gbe.",30.15,artefact
27905,"“Mawu Mavɔmavɔ, Mawu tɔ́gbó mǐtɔn lɛ́ɛ tɔn, yě mɛ e ɖo gǎn dó wɛ kpó ayi yětɔn bǐ kpó, bó ná dó tunwun jlǒ towe lɛ́ɛ bǐ ɔ́, yě ná bó ma slá wǔ bó ɖo mǐmɛ́ jí ǎ hǔn, kɛnklɛ́n bó sɔ́ hwɛ yětɔn lɛ́ɛ kɛ yě ɖo xomɛnyínyɔ́ towe mɛ.”",30.19,artefact
27910,Kanɖe wo nukun ɖokpo,51,artefact
27964,"Axɔ́sú ɔ́ ylɔ́ Yexoyada vɔ̌sánú-xwlémawutɔ́ ɖaxó ɔ́, bó ɖɔ n'i ɖɔ: “Tokwɛ́ e Mɔyízi mɛsɛntɔ́ Mawu Mavɔmavɔ tɔn ɔ́ ɖɔ è nǎ yǐ ɖo Izlayɛ́linu lɛ́ɛ sí, bó ná dó bló goxɔ e mɛ akɔjijɛgbá ɔ́ ɖe ɔ́ ɖó ná bɔ Izlayɛ́li togun ɔ́ bǐ yí gbe ná ɔ́, étɛ́wú wɛ a ma kpé nukún d'é wú, bónú Levíi ví lɛ́ɛ ní yi yí ɖo Judáanu lɛ́ɛ kpó Jeluzalɛ́munu lɛ́ɛ kpó sí ǎ?",24.6,artefact
28021,Un kàn xwé byɔ́,Comment vont les gens de ta maison ? (C’est le salut que l’on adresse aux gens très respectables).,definition
28068,fɔ́n hùn,faire la cérémonie où les vodúnɔ̀ ramènent à la vie l'initié(e) après sa mort symbolique,definition
28323,É gbɔ́n agɔndlò cɔncɔncɔ̀n,Il a aspiré l’eau de la noix de coco avec avidité.,definition
28339,Vǐ ɔ́ kpó nyɔ̌nu e nɔ́ hɛn ɔ́ kpó nɔ hwlǎhwlá ɖo yě gɔ́n ɖo Mawu xwé gbe káká nú xwe ayizɛ́n. Atalíi ɔ́ ka ɖo axɔ́sú ɖu wɛ ɖo to ɔ́ nu hwenɛ́nu.,22.12,artefact
28490,E tɛn gyankpa,II a mis le coupe-coupe dans le feu pour pouvoir l'affûter,definition
28579,é gbɔ́n agɔndlò cɔncɔncɔ̀n,il a aspiré l'eau de la noix de coco avec avidité,definition
28791,"Hwenɛ́nu ɔ́, nǔmɔtɔ́ Hanáni yi Judáa xɔ́sú Asa gɔ́n, bó ɖɔ n'i ɖɔ: “A ba ná gán jɛ Mawu Mavɔmavɔ, Mawu towe wú ǎ, bó gán jɛ Silíi xɔ́sú ɔ́ wú. Nǔ énɛ́ e a wa ɔ́ zɔ́n bɔ ahwangɔnu Silíi xɔ́sú ɔ́ tɔn gló we.",16.7,artefact
28826,Kanɖe gban nukun ayizεn,76,artefact
28932,é da tú làn,il a tiré un coup de fusil sur du gibier,definition
29058,"Ée Ezekiyási mɔ ɖɔ Senakelíbu wá bó ná tɔ́n ahwan Jeluzalɛ́mu ɔ́,",32.2,artefact
29064,"Ɖó gbe énɛ́ ɔ́ gbe ɔ́, lě e è to sinsɛn Mawu Mavɔmavɔ tɔn ɔ́ gbɔn bó dó ɖu Dǐndínwáyixwe ɔ́, lobo sá vɔ̌ e è nɔ dó zo lɛ́ɛ ɖo vɔ̌sákpe Mawu Mavɔmavɔ tɔn jí gbɔn ɔ́ nɛ́; lě e axɔ́sú Joziyási ná gbe tɔn gbɔn ɔ́ wɛ è blǒ gbɔn.",35.16,artefact
29065,kanɖe we,42,artefact
29152,A se fɔngbè céɖécéɖé.,"Tu comprends le fon parfaitement. - Non, je le comprends un peu un peu.",definition
29344,Kanwe nukun ɖokpo,81,artefact
29349,kú d'akwɛ kú nawó,salut pour l'argent dépensé la libéralité merci pour le don,definition
29453,Linlɔn towe kpo ɖokpo.,Un voleur a escaladé un mur et est tombé dans la maison d'un musulman - Il te reste un saut à faire.,definition
29735,Kanɖe wεnε,54,artefact
29738,"Tɔsú, Tɔsì",Garçon et fille dont la mère a perdu beaucoup d'eau ou de sang à l'accouchement,definition
29831,e kì kpá,il a fait une palissade avec des côtes de palmier,definition
29870,É yi fí ɖagbè,Il est allé dans un bon endroit (C’est ainsi que l’on annonce la mort d’un varioleux).,definition
29873,Vɔ̌sánú-xwlémawutɔ́ lɛ́ɛ ká gbo gbe gbǎgbá lɛ́ɛ bó kɔn hun yětɔn dó vɔ̌sákpe ɔ́ jí dó sá hwɛsɔ́kɛmɛvɔ́ ná dó hwɛ e Izlayɛ́li togun ɔ́ bǐ hu lɛ́ɛ tamɛ. Ɖó togun Izlayɛ́li tɔn ɔ́ bǐ tamɛ wɛ axɔ́sú ɔ́ ná gbe ɖɔ è nǐ sá vɔ̌ e è nɔ dó zo ɔ́ kpó hwɛsɔ́kɛmɛvɔ́ ɔ́ kpó dó.,29.24,artefact
29937,fàn wɔ̆,mélanger la farine à l'eau pour préparer la pâte ou délayer la pâte pour boire,definition
30004,xwe ɔ hwán gbadé,la grande saison des pluies a été bonne pour le maïs,definition
30008,"“Mi yi kan nǔ byɔ́ Mawu Mavɔmavɔ nú mì, bó kanbyɔ́ nú mɛ e kpo ɖo Izlayɛ́li kpó Judáa kpó lɛ́ɛ, dó xó e ɖo wěma élɔ́ e è mɔ ɔ́ mɛ é wú. Ɖó Mawu Mavɔmavɔ ɖo xomɛ sin jí ɖésú. É sin xomɛ dó mǐ, ɖó tɔ́gbó mǐtɔn lɛ́ɛ se tónú nú nǔ e è wlǎn dó wěma élɔ́ mɛ ɔ́ ǎ; yě ká bló ɖě ɖ'é jí ǎ.”",34.21,artefact
30155,é xò hankán,il a nettoyé le champ après la récolte de maïs,definition
30246,"É ɖɔ nú Judáanu lɛ́ɛ ɖɔ: “Din e to ɔ́ kpo ɖo mǐtɔn nyí wɛ ɔ́, mi nú mǐ nǎ bló toxo lɛ́ɛ ɖó; mǐ nǎ mɛ ahohó lɛ́ lɛ̌ dó toxo lɛ́ɛ, bó ná mɛ tocɔ́kpe gbɔn ahohó lɛ́ɛ jí lɛ́ lɛ̌ dó, bó ná dó hɔn toxo lɛ́ɛ nu, bó ná nɔ́ sú yě. Mǐ nǎ bló mɔ̌, ɖó mǐ nɔ gbejí nú Mawu Mavɔmavɔ, Mawu mǐtɔn, bɔ gbejíninɔ mǐtɔn zɔ́n bɔ é ná ayij'ayǐ mǐ gbɔn ɖisí amyɔ.” Ée é ɖɔ mɔ̌ ɔ́, yě jɛ azɔ̌ wú, bó bló toxo énɛ́ lɛ́ɛ bǐ ɖó.",14.7,artefact
30251,kanɖe ko atɔɔn nukun we,67,artefact
30408,Gban nukun atɔɔn,35,artefact
30427,kanɖe gban nukun atɔn,73,artefact
30459,"É ɖe nǔmɛsɛn lɛ́ɛ kpó bǒcyɔ ɔ́ kpó sín Mawu Mavɔmavɔ xwé gbe, bó gba vodúnkpe e é mɛ ɖó só e ɖo Mawu Mavɔmavɔ xwé gbe ɔ́ jí lɛ́ɛ kpó ée ɖo Jeluzalɛ́mu lɛ́ɛ kpó, lobo bɛ́ bǐ kɔn nyi gbě sín toxo ɔ́ mɛ.",33.15,artefact
30465,"Mi ma wa nǔ tɔ́ mitɔn lɛ́ɛ kpó nɔví mitɔn lɛ́ɛ kpó ɖɔhun ó. Yědɛɛ lɛ́ɛ ɔ́, yě nɔ gbejí nú Mawu Mavɔmavɔ, Mawu tɔ́gbó yětɔn lɛ́ɛ tɔn ɔ́ ǎ, bɔ é dɔn yě dó lele mɛ lě e mɔ gbɔn wɛ mi ɖe é.",30.7,artefact
30487,"Bɔ yě yi Mawu Mavɔmavɔ xwé gbe. Yě kpó Judáanu lɛ́ɛ bǐ kpó, Jeluzalɛ́munu lɛ́ɛ bǐ kpó, vɔ̌sánú-xwlémawutɔ́ lɛ́ɛ kpó Levíi ví lɛ́ɛ kpó, kpódó togun ɔ́ bǐ kpó wɛ yi, bɛ́ sín yɔkpɔ́vú lɛ́ɛ jí, káká yi jɛ mɛxó lɛ́ɛ jí. Ée yě yi xwé ɔ́ gbe ɔ́, axɔ́sú ɔ́ zé akɔjijɛwéma e è mɔ ɖo Mawu Mavɔmavɔ xwé gbe ɔ́ bó xa bǐ nú yě.",34.30,artefact
30495,afɔtɔn nukun atɔn,18,artefact
30631,Fítɛ́ agbankàn ce ɖè,Où est le cadeau que tu m’as rapporté de ton voyage ?,definition
30861,kanɖe ko nukun we,62,artefact
30874,"Énɛ́ ɔ́, Mawu Mavɔmavɔ ɖótó Ezekiyási bó sɔ́ dɔn tó nú togun ɔ́ ǎ.",30.20,artefact
31226,"Nǔ e zɔ́n bɔ tɔ́gbó mǐtɔn lɛ́ɛ cí ahwan, bɔ vǐ mǐtɔn súnnu kpó nyɔ̌nu kpó, kpódó asi mǐtɔn lɛ́ɛ kpó ɖo kannumɔgbénu ɔ́ nɛ́.",29.9,artefact
31231,Ko nukun ɖokpo,21,artefact
31442,kanɖe ɛnɛ,44,artefact
31505,"Énɛ́ ɔ́, Mawu Mavɔmavɔ sin xomɛ dó Judáanu lɛ́ɛ kpó Jeluzalɛ́munu lɛ́ɛ kpó, bó dó nǔ sin xá yě; nǔ e é wa xá yě ɔ́ zɔ́n bɔ yě húzú nǔ gbɛ́hɛn, nǔdábaɖa, bó húzú nǔkiko nú mɛ lɛ́ɛ, lě e mɔ gbɔn wɛ mi ɖe din kpó nukún mi ɖésúnɔ tɔn kpó é.",29.8,artefact
31586,Xo taa han.,On a mangé de la pâte sans en donner au menteur. - On ne manquera pas d’histoires.,definition
31674,"Ée Amasiyasi lɛ́ kɔ nú sɔ́ja énɛ́ lɛ́ɛ ɔ́, é ná glǎglá éɖée, lobo nɔ sɔ́ja e kpo lɛ́ɛ nu, bó kplá yě yi Jɛtɔdo ɔ́ mɛ, bó hu sɔ́ja Edɔ́munu děgba we afɔwó (10.000).",25.11,artefact
31805,kanɖe ayizɛn,46,artefact
31833,E kpɔ̀ hú mĭ,C’est moins cher que de la fiente (C’est très bon marché).,definition
31950,"Gbeyíɖɔ Mawu tɔn Jelemíi ji gbɛvíhan dó Joziyási sín cyɔ jí. Hanjitɔ́ súnnu kpó nyɔ̌nu kpó bǐ wɛ ɖɔ Joziyási sín xó dó gbɛvíhan yětɔn lɛ́ɛ mɛ káká wá jɛ égbé, bó ɖó hwɛndo tɔn ayǐ ɖo Izlayɛ́li. È wlǎn han énɛ́ lɛ́ɛ dó gbɛvíhan lɛ́ɛ mɛ.",35.25,artefact
32008,"Izlayɛ́li xɔ́sú lɛ́ɛ ɖɔhun wɛ a wa nǔ. A wa nǔ yě ɖɔhun ɖó a dɔn Jeluzalɛ́munu lɛ́ɛ kpó Judáanu ɖě lɛ́ɛ kpó, bɔ yě jɛ vodún sɛn jí Akábu hɛ́nnu ɔ́ ɖɔhun. É víví hwe, bɔ a hu nɔví hwi ɖésúnɔ tɔn súnnu e nyɔ́ hú we lɛ́ɛ.",21.13,artefact
32215,Yě hɛn sɛ́nwéma Mawu Mavɔmavɔ tɔn ɔ́ bó kplɔ́n nǔ togun ɔ́ ɖ'é mɛ gbɔn Judáa toxo lɛ́ɛ bǐ mɛ.,17.9,artefact
32232,"Ée é ɖɔ mɔ̌ ɔ́, Azalyahu, Yexoxanáni ví ɔ́, Bɛlɛkiyahu, Mɛcilemɔti ví ɔ́, Yexizikyahu, Calúmu ví ɔ́ kpódó Amasa, Hadlayi ví ɔ́ kpó húzú kpan nukɔn yě mɛ e gosín ahwangbénu lɛ́ɛ; yě mɛ énɛ́ lɛ́ɛ wɛ ɖo Eflayímunu lɛ́ɛ nu.",28.12,artefact
32261,"Ɖo nǔmɛsɛn e ɖo to énɛ́ lɛ́ɛ e tɔ́gbó ce lɛ́ɛ gba lɛ́ɛ bǐ mɛ ɔ́, ɖě tɛ́ wɛ kpé wú bó hwlɛ́n togun tɔn ɖo así ce, bɔ é ná nyí nǔmɛsɛn midɛɛ lɛ́ɛ tɔn wɛ ná hwlɛ́n mi ɖo así ce?",32.14,artefact
32365,tún ɖà,dénouer les cheveux et les laisser en désordre en signe de deuil,definition
32442,é ɖà vĭ tɔ̀n,il a fait des gris-gris à son enfant pour le protéger,definition
32652,kanɖe tantɔn,48,artefact
32657,sεniyɔ̆,petits morceaux de paille accumulés après la couverture d'une case,definition
32657,sεnuyɔ́,petits morceaux de paille accumulés après la couverture d'une case,definition
32701,Kanɖe gban nukun tantɔn,78,artefact
32779,ko atɔɔn nukun ɖokpo,26,artefact
32861,e wínnyɔ́ gbèhán,il a pris de l'herbe à pleine poignée pour l'arracher,definition
32889,e slɛ́ vì lɛ́,il a mis les enfants les uns derrière les autres,definition
32905,xò dĕ,écraser les fruits du palmier pour en extraire l'huile rouge,definition
32927,Kanɖe ko aizεn,66,artefact
32970,"Bɔ Micée yí gbe n'i ɖɔ: “Gbe e gbe a nǎ jɛ hinhɔn hwlá jí gbɔn xɔ mɛ xɔ mɛ ɔ́, a nǎ mɔ.”",18.24,artefact
33009,kanɖe tɛnnɛ,49,artefact
33123,Xó táá hán,On a mangé de la pâte sans en donner au menteur.,definition
33166,Levíi ví lɛ́ɛ nɔ fínɛ́ kpó nǔxonú Davídi tɔn lɛ́ɛ kpó. Vɔ̌sánú-xwlémawutɔ́ lɛ́ɛ nɔ fínɛ́ kpó kpɛn yětɔn lɛ́ɛ kpó.,29.26,artefact
33234,agɔsì,fille née par le siège ou les pieds chez des jumeaux,definition
33234,agɔyì,fille née par le siège ou les pieds chez des jumeaux,definition
33360,jŏ amĭsa nú mε,"se rendre chez celui qui a commandé une messe (pour manger, boire...)",definition
33487,"Ée gbeyíɖɔ Mawu tɔn Micée wá axɔ́sú ɔ́ gɔ́n ɔ́, axɔ́sú ɔ́ kanbyɔ́ ɛ ɖɔ: “Mǐ ní yi tɔ́n ahwan Hlamɔti toxo ɖo Galadi yíkúngban jí a, abǐ mǐ ní gbɔ?” Bɔ Micée yí gbe n'i ɖɔ: “Sɛ́mɛɖó, é ná kpa mɛ! Mawu ná jó toxo ɔ́ nú mɛ.”",18.14,artefact
33488,sɛ́ wɛ́ ná,c'est un cadeau de ton destin un autre n'aurait pas pu le faire,definition
33497,sɔ́ kέn,se laver parfaitement jusqu'à ce que les gouttelettes perlent sur la peau,definition
33553,Koklosu dεn kpajε,Plante (petite) dont la fleur ressemble à la crête d'un coq,definition
33624,E gban ya nu,"II a fait une grimace, il a fait la moue",definition
33688,"Ée yě jɛ akɔ énɛ́ ɔ́, é bló xwe ɖé ǎ, bɔ é yi Akábu gɔ́n ɖo Samalíi, bɔ Akábu hu gbɔ̌ kpódó nyibú kpó kɔn nyi kpɔ́, bó dó yí é kpódó mɛ e xwedó e wá lɛ́ɛ kpó sín jǒnɔ. Énɛ́ ɔ́ gúdo ɔ́, é ɖɔ nú Jozafáti ɖɔ émí jló ɖɔ émí kpódó é kpó ná yi tɔ́n ahwan Hlamɔti toxo ɔ́ ɖo Galadi.",18.2,artefact
33925,"Ée é wá ɔ́, é mɔ axɔ́sú yɔ̌yɔ́ e è sɔ́ ɔ́ ɖo te ɖo dotín ɔ́ wú, ɖo hɔntogbó ɔ́ kpá. Ahwangán lɛ́ɛ kpó kpɛnkúntɔ́ lɛ́ɛ kpó ɖo te akpá tɔn. Togun ɔ́ bǐ ɖo awǎ jɛ wɛ, kpɛnkúntɔ́ lɛ́ɛ ɖo kpɛn kún wɛ. Nǔxotɔ́ lɛ́ɛ ɖo nǔ xo dó susu e kpa nú axɔ́sú ɔ́ wɛ è ɖe lɛ́ɛ mɛ. Ée Atalíi mɔ mɔ̌ é ɔ́, é vún awu dó kɔ nú éɖée, bó ɖɔ: “Ahizi nɛ́! Ahizi nɛ́!”",23.13,artefact
33964,"Mɛwun lɛ́ɛ lɔ nɔ ná nǔjɔ Oziyási. É ɖó acɛ ɖésú, énɛ́ ɔ́ zɔ́n bɔ nyǐkɔ tɔn gba kpé fí bǐ, káká yi Ejípu.",26.8,artefact
33967,"Lo ɔ́, ée acɛkpikpa tɔn jínjɔ́n ayǐ mɔ̌ ɔ́, é jɛ go yí jí, bó sɔ́ éɖée nyi gbě. É sɔ́ nɔ́ nɔ gbejí nú Mawu Mavɔmavɔ, Mawu tɔn ǎ. É wá jɛ gbe ɖokpó, bɔ é hun káká yi Mawu Mavɔmavɔ xwé gbe, bó jló ná dó zǎlínkpɔ́n zo ɖo vɔ̌sákpe jí.",26.16,artefact
34031,"Nǔ e yě kplɔ́n Akaziasi lɛ́ɛ wɛ é xwedó, bɔ é kpó Yolámu axɔ́sú Izlayɛ́li tɔn Akábu ví ɔ́ kpó yi ahwan fun xá Hazayɛ́li Silíi xɔ́sú ɔ́ gbé, ɖo Hlamɔti, ɖo Galadi yíkúngban jí. Hwenu e yě ɖo ahwan ɔ́ fun wɛ ɔ́, Silíinu lɛ́ɛ gblé wǔ Yolámu.",22.5,artefact
34042,"Vɔ̌sánú-xwlémawutɔ́ ɖaxó Azalyahu ka kplá vɔ̌sánú-xwlémawutɔ́ e kpan akɔ́n ɔ́ kanwe (80), bó jɛ gǔdo tɔn.",26.17,artefact
34165,lob'ɛ́ nyí ló nɛ́,voilà que ça y est se dit quand on est parfaitement satisfait pour entreprendre quelque chose,definition
34193,Ejípu xɔ́sú Cicáki tɔ́n ahwan Jeluzalɛ́mu. É bɛ́ dɔkun e ɖo Mawu Mavɔmavɔ xwé gbe lɛ́ɛ kpó éé ɖo axɔ́sú ɔ́ sín hɔnmɛ lɛ́ɛ kpó bǐ yi. É lɛ́ bɛ́ gǎglónú e Salomɔ́ɔ zé siká dó bló lɛ́ɛ bǐ.,12.9,artefact
34302,e lílí akwɛ́ wú,il a frotté l'argent sur le corps avant de l'offrir à la quête,definition
34338,É xò hankán,Il a nettoyé le champ après la récolte de maïs.,definition
34386,"Pekáxi hu ahwanfuntɔ́ syɛ́nsyɛ́n adɔ̌kpo ayizɛ́n (120.000) gbe ɖokpó ɖo Judáa; nǔ cí mɔ̌ ɖó yě jǒ Mawu Mavɔmavɔ, Mawu tɔ́gbó yětɔn lɛ́ɛ tɔn ɔ́ dó.",28.6,artefact
34434,E lílí akwɛ́ wú,Il a frotté l’argent sur le corps (avant de l’offrir à la quête).,definition
34476,bo kpɔn gudo.,"Un homme pète devant Ahwlikponuwa et regarde derrière. - Ce que tu devais faire au début, voilà que tu le fais à la fin !",definition
34485,"Hwenɛ́nu ɔ́, Izlayɛ́li xɔ́sú ɔ́ kpódó Judáa xɔ́sú ɔ́ kpó ɖo ayǐjínjɔ́n ɖo axɔ́súzinkpo yětɔn yětɔn jí, bó ɖo axɔ́súwu yětɔn mɛ. Samalíi toxo ɔ́ sín hɔntogbó jí wɛ yě ɖe, ɖo gblogblo jí, bɔ gbeyíɖɔ lɛ́ɛ bǐ ɖo xó ɖɔ nú yě wɛ.",18.9,artefact
34607,"É ylɔ́ vɔ̌sánú-xwlémawutɔ́ lɛ́ɛ kpódó Levíi ví lɛ́ɛ kpó, bó kplé yě ɖó Zǎnzǎnhwe jí sín tɛn ɔ́ mɛ,",29.4,artefact
34689,Asáfu sín han.,Prière du peuple menacé par ses voisins. Chant. Psaume. D’Asaph.,definition
34715,Yě ɖe kanlin lɛ́ɛ sín akpáxwé e è nǎ dó sá vɔ̌ e è nɔ dó zo ɔ́ ná lɛ́ɛ ɖó vo bó ná bɛ́ nú togun ɔ́ sín hɛ̌nnu tɛnmɛ tɛnmɛ lɛ́ɛ bónú yě ná sá vɔ̌ nú Mawu Mavɔmavɔ lě e è wlǎn dó Mɔyízi wéma ɔ́ mɛ gbɔn é. Mɔ̌ ɖokpó ɔ́ wɛ è wa nyibú lɛ́ɛ sín nǔ gbɔn.,35.12,artefact
34773,"Ée Asa se xó e gbeyíɖɔ Mawu tɔn Azalyahu Odɛ́di ví ɔ́ ɖɔ ɔ́, é mɔ gǎn, bó ɖe bǒcyɔ e ɖo Judáa kpódó Bɛnjamɛ́ɛ kpó yíkúngban jí lɛ́ɛ síin. Nǔ ɖokpó ɔ́ wɛ é lɛ́ bló gbɔn toxo e é yí ɖo sókan mɛ ɖo Eflayímu sín ayǐkúngban jí lɛ́ɛ mɛ. Énɛ́ ɔ́ gúdo ɔ́, vɔ̌sákpe Mawu Mavɔmavɔ tɔn e ɖo xɔ ɔ́ nukɔn ɔ́, é blóɖó.",15.8,artefact
34774,"Mawu Mavɔmavɔ, Mawu tɔ́gbó yětɔn lɛ́ɛ tɔn sɛ́ mɛ dó yě dó hwe tɔn nu, bɔ yě wǎ ɖɔ xó nú yě, ɖó é jló ná hwlɛ́n togun tɔn kpó nɔtɛn é ɖésúnɔ tɔn kpó.",36.15,artefact
34843,Gban nukun εnε,34,artefact
35013,"Hǔn mi bo ma tlí tó tɔ́ mitɔn lɛ́ɛ ɖɔhun ó. Mi zin alɔ dó akɔ́n ɖɔ émí ná se tónú nú Mawu Mavɔmavɔ. Mi lɛ́ kɔ wá xwé tɔn e é sɔ́ ɖó vo bɔ è nǎ nɔ́ sɛn ɛ ɖ'é gbe káká sɔ́yi ɔ́ gbe, bó sɛn Mawu Mavɔmavɔ, Mawu mitɔn ɔ́, bónú xomɛ ɖaxó e é sin dó mi ɔ́ ná fá.",30.8,artefact
35024,Xwe ɔ hwán gbadé,La grande saison des pluies a été bonne pour le maïs.,definition
35096,"É nɔ́ zé kanlin kpó zǎlínkpɔ́n kpó dó sá vɔ̌ gbɔn vodún xwé lɛ́ɛ, gbɔn só jí só jí, gbɔn atín e dó ama lɛ́ɛ sá.",28.4,artefact
35112,"Joziyási sɔ́ vɔ̌sánú-xwlémawutɔ́ lɛ́ɛ ɖó azɔ̌ yětɔn lɛ́ɛ nu, bó dó wǔsyɛ́n lanmɛ nú yě ɖɔ yě ní kpé nukún dó azɔ̌ e yě nɔ́ wa ɖo Mawu Mavɔmavɔ xwé gbe ɔ́ wú.",35.2,artefact
35167,Ali ma nyi ɖokpo,Il n'y a pas qu'une seule voie dans la vie.,definition
35202,"Jehu wa nǔ xá Akábu xwédo ɔ́ lě e Mawu Mavɔmavɔ ɖɔ gbɔn é. Ée é yi Judáa gán lɛ́ɛ kpó Akaziasi nɔví súnnu lɛ́ɛ sín vǐ e nɔ wa azɔ̌ nú axɔ́sú ɔ́ lɛ́ɛ kpó gɔ́n ɔ́, é hu bǐ.",22.8,artefact
35214,Dada yi Alada,Le roi est allé à Allada (le roi est mort),definition
35223,"È ɖu xwe ɔ́ ɖo sun nukɔn tɔn ɔ́ mɛ hwenu e è nɔ ɖu dó é ǎ, ɖó vɔ̌sánú-xwlémawutɔ́ e kó slá wǔ nú yěɖée lɛ́ɛ sukpɔ́ ǎ. Togun ɔ́ lɔmɔ̌ kplé ɖo Jeluzalɛ́mu ǎ.",30.3,artefact
35239,Gbɛ ce kan kasa.,Un aveugle a lancé une corde par-dessus un palmier mort. Ma vie a trouvé dans la consultation le « du kasa ».,definition
35351,"Asáfu ví, hanjitɔ́ lɛ́ɛ, ɖo tɛn yětɔn lɛ́ɛ mɛ lě e gbeta e Davídi kpó Asáfu kpó, kpó Hemani kpó, kpódó Yedutún axɔ́sú ɔ́ sín nǔmɔtɔ́ ɔ́ kpó ɖe tɔ́n ɔ́ ɖɔ gbɔn é, bɔ hɔnjínɔtɔ́ lɛ́ɛ ɖo hɔn lɛ́ɛ ɖokpó ɖokpó jí. Yě gosín azɔ̌ yětɔn lɛ́ɛ kɔn ǎ, ɖó Levíi ví ɖěvo lɛ́ɛ ɖo nǔɖuɖu ɖa nú yě wɛ.",35.15,artefact
35378,E dà tú gblá,Il a tiré avec son fusil et manqué le but.,definition
35534,"Vǐ ce lɛ́ɛ mi, din ɔ́, mi gɔn vɛ̌ dó nú nǔ, ɖó Mawu Mavɔmavɔ wɛ sɔ́ mi, bónú mi ná nɔ nukɔn tɔn, bó ná wa azɔ̌ n'i, bó ná nyí mɛsɛntɔ́ tɔn, bó ná nɔ́ dó zǎlínkpɔ́n zo n'i.”",29.11,artefact
35763,"‘Ényí awě ɖé xo mǐ ɔ́: ahwan wɛ tɔ́n mǐ oo, tó wɛ è dɔn nú mǐ oo, jɛmɛjí abǐ adɔ wɛ tɔ́n oo, mǐ ná nɔ wá gɔ̌n towe ɖo xwé élɔ́ gbe, ɖó nyǐkɔ towe wɛ ɖo xwé ɔ́ jí. Mǐ ná sú xó ylɔ́ we ɖo adǎngbomɛ hwenu, bɔ a nǎ se, bó ná hwlɛ́n mǐ gán.’",20.9,artefact
35865,Kanwewo atɔɔn nukun ɖokpo,96,artefact
35879,"Nɔví mitɔn hwɛɖɔtɔ́ e ɖo toxo lɛ́ɛ mɛ lɛ́ɛ ɖě zě hwɛ ɖé wá gɔ̌n mitɔn hweɖěbǔnu hǔn, mi ɖe yě ɖó ali jí: é sixú nyí mɛ wɛ è hu, é sixú nyí sɛ́n ɔ́ jí dɔn nǔ dó wɛ è ɖe, abǐ nǔ e Mawu Mavɔmavɔ zɔ́n lɛ́ɛ, abǐ gbeta tɔn lɛ́ɛ, abǐ hwɛndo lɛ́ɛ; mi ɖe yě ɖó ali jí bónú yě ma wá hu hwɛ dó Mawu Mavɔmavɔ, bónú Mawu Mavɔmavɔ wá sin xomɛ dó mi kpó vǐ mitɔn lɛ́ɛ kpó ó. Lě e mi ná bló gbɔn, bó ma ná hu hwɛ ǎ é nɛ́.",19.10,artefact
35903,"Yotámu nɔ wa nǔ e nyɔ́ Mawu Mavɔmavɔ nukún mɛ é. Lě e tɔ́ tɔn Oziyási wa nǔ gbɔn ɔ́ wɛ é bló gbɔn pɛ́pɛ́pɛ́. Amɔ̌, é byɔ́ Mawu Mavɔmavɔ xwé gbe ǎ. Nǔ ka ɖo mɔ̌ có, togun ɔ́ lɛ́ kpo ɖo nǔ gblégblé wa wɛ.",27.2,artefact
36035,ko nukun atɔn,23,artefact
36311,Dɛ̆dɛ̆ gì nɔ́ bí,"Peu à peu, l’akassa est cuit (Petit à petit, l’oiseau fait son nid).",definition
36444,E nya vɛ̀,"Il a été initié, on lui a montré le secret.",definition
36594,"Axɔ́sú Asa kplá Judáanu lɛ́ɛ bǐ, bɔ yě yi bɛ́ nǔ e axɔ́sú Baeca dó ɖo dǒ mɛ lɛ́ dó Hlama wɛ lɛ́ɛ bǐ: yě bɛ́ awǐnnya kpó atín kpó, bɔ Asa bɛ́ dó mɛ ahohó lɛ́ dó Gɛva, bó lɛ́ mɛ lɛ́ dó Misipa.",16.6,artefact
36889,kanɖe gban atɔɔn,75,artefact
36994,gbɔ̆temi,gri-gri qui aurait la vertu d'envoûter la personne que l'on désire séduire pour qu'elle fasse les volontés de celui ou celle qui l'utilise,definition
36994,sece,gri-gri qui aurait la vertu d'envoûter la personne que l'on désire séduire pour qu'elle fasse les volontés de celui ou celle qui l'utilise,definition
37041,kanɖe watɔn,53,artefact
37148,"Ée gǎn e kpa acɛ dó ahwankɛkɛ́ví lɛ́ɛ nu lɛ́ɛ mɔ ɖɔ é kún nyí axɔ́sú Izlayɛ́li tɔn ɔ́ wɛ ó ɔ́, yě jó e dó.",18.32,artefact
37153,dŏ avɔ̀ nú mε,payer un pagne pour un défunt ou à une personne âgée,definition
37300,Ali ɔ xɔ́,Il n’y a pas beaucoup de monde sur la route.,definition
37342,gban atɔɔn nukun ɛnɛ,39,artefact
37354,"Axɔ́sú Oziyási sín tan e kpo ɔ́, gbeyíɖɔ Mawu tɔn Ezayíi Amɔ̌si ví ɔ́ wlán sín fí e é bɛ́ sín ɔ́ káká yi fí e é fó dó é.",26.22,artefact
37384,"Joziyási kpɔ́n kanlinkpó é ɖésúnɔ tɔn mɛ, bó ná kanlin e Izlayɛ́li ví e ɖo fínɛ́ lɛ́ɛ ná hu nú Dǐndínwáyixwe ɔ́ lɛ́ɛ é: é ná lɛ̌ngbɔ́ kpó gbɔ̌ví kpó adɔ̌kpo ɖě děgba we afɔwó (30.000) yě, bó lɛ́ ná nyibú afɔwó-afatɔ́n (3.000) yě.",35.7,artefact
37452,"É bló vodúnkpe gbɔn Mawu Mavɔmavɔ xwé gbe, ɖo Jeluzalɛ́mu fí e Mawu Mavɔmavɔ ɖɔ émí ná ɖe émíɖée xlɛ́ ɖe káká sɔ́yi é.",33.4,artefact
37471,Kanɖe ko nukun we,62,artefact
37488,Koklosu dεn kpajε,Petite plante dont la fleur ressemble à la crête d'un coq,definition
37572,"Hwenu e Joziyási ɖo xwe tántɔn bló wɛ ɖo zinkpo jí ɔ́, é kpo ɖo vǔ, bó ka jɛ Mawu e tɔ́gbó tɔn Davídi sɛn ɔ́ sín jlǒ ba ná tunwun jí. Énɛ́ ɔ́, hwenu e é wá ɖo xwe wěwe bló wɛ ɖo zinkpo jí ɔ́, é jɛ vodún e ɖo Jeluzalɛ́mu kpó Judáa kpó lɛ́ɛ ɖe síin jí: é gba vodún xwé e ɖo só jí lɛ́ɛ, bó ɖe vodún Acela lɛ́ɛ síin, bó ɖe bǒcyɔ e è sɔ́ gan dó kɔn lɛ́ɛ kpódó ée è kpa lɛ́ɛ kpó síin.",34.3,artefact
37875,"Eŏ, un xwè Tɔlì","Tu vas à Savi ? - Non, je vais à Tori.",definition
37920,"Ée hwenu e è nǎ zé gbǎ ɔ́ wá nú Levíi ví lɛ́ɛ, bɔ yě ná kpɔ́n akwɛ́ e ɖ'é mɛ ɔ́, bó ná ɖó gbe nú axɔ́sú ɔ́ su ɔ́, è zě wá. Ée è zě wá ɔ́, akwɛ́ e yě mɔ ɖ'é mɛ ɔ́ sukpɔ́ káká bɔ wěgbójínɔtɔ́ axɔ́sú ɔ́ tɔn kpódó nǔjíkpɔ́ntɔ́ vɔ̌sánú-xwlémawutɔ́ ɖaxó ɔ́ tɔn kpó húzú akwɛ́ ɔ́ sín gbǎ ɔ́ mɛ. Ée yě húzú sín gbǎ ɔ́ mɛ ɔ́, yě lɛ́ zé gbǎ ɔ́ yi ɖó tɛn tɔn mɛ. Bɛ́ sín hwenɛ́nu ɔ́, è nɔ bló mɔ̌ ayǐhɔ́ngbe ayǐhɔ́ngbe; akwɛ́ e è nɔ mɔ ɔ́ nɔ́ sukpɔ́ ɖésú.",24.11,artefact
37930,Kanɖe ko nukun atɔn,63,artefact
38121,"É gba awǐnnya e yě tun te bó nɔ sɛn lɛ́ɛ, bó sɛ́n vodún Acela lɛ́ɛ.",14.3,artefact
38152,E hwyɔ́ akpa tɔ̀n,Il a mis des compresses d’eau chaude sur sa plaie.,definition
38306,kpò ká nú mε,laisser à quelqu'un les restes de nourriture au fond de la calebasse,definition
38332,"Kplékplé mɛ ɔ́ bǐ ɖó gbe kpɔ́, bó ɖɔ émí ná lɛ́ ɖu xwe ɔ́ nú azǎn tɛ́nwe. Bɔ yě lɛ̌ sɔ́ azǎn tɛ́nwe ɖěvo ɖó te dó ɖu xwe ɔ́ kpó awǎjijɛ kpó.",30.23,artefact
38399,"Énɛ́ ɔ́ wú wɛ Mawu Mavɔmavɔ ná sɛ́ awě ɖaxó ɖokpó dó togun towe, bó ná sɛ́ dó vǐ towe lɛ́ɛ kpó asi towe lɛ́ɛ kpó; mɔ̌ ɖokpó ɔ́, é ná hɛn dɔkun towe lɛ́ɛ bǐ gblé.",21.14,artefact
38412,"Hwenu e é ɖo jlǒ Mawu tɔn ba ná wa wɛ, bó sí te bó ná bló Mawu xwé ɔ́ ɖó, bó ná bló bɔ è nǎ nɔ nyi sɛ́n tɔn, bó ná nɔ wa nǔ e é zɔ́n lɛ́ɛ ɔ́, é bló kpó ayi tɔn bǐ kpó. Énɛ́ ɔ́, Mawu bló bɔ é mɔ nǔ lɛ́ɛ bǐ sín nu.",31.21,artefact
38466,"Hwenu e xwe yɔ̌yɔ́ ɔ́ ɖo nǎ bɛ́ wɛ ɔ́, axɔ́sú Nabukodonɔzɔ́ɔ ɖɔ bɔ è kplá Yoyakini wá yi Babilɔ́nu kpó nǔ xɔ akwɛ́ e è nɔ zán ɖo Mawu Mavɔmavɔ xwé gbe lɛ́ɛ kpó, bó sɔ́ hɛ̌nnumɔ tɔn Sedesíyasi axɔ́sú ɖó Judáa kpó Jeluzalɛ́mu kpó nu.",36.10,artefact
38483,"Mɛ e kpó éyɛ́ kpó zɔn lɛ́ɛ ɔ́, gbɛtɔ́ lɛ́ɛ wɛ. Lo ɔ́, Mawu Mavɔmavɔ wɛ nyí mɛ e kpó mǐdɛɛ lɛ́ɛ kpó zɔn é, é wɛ ná gɔ́ alɔ nú mǐ, bó ná fun ahwan ɔ́ nú mǐ.” Xó énɛ́ e Judáa xɔ́sú Ezekiyási ɖɔ ɔ́ dó wǔsyɛ́n lanmɛ nú togun ɔ́.",32.8,artefact
38523,"Mɔ̌tò jăwè, jɛ̀ kɛ́n","Une voiture arrive, mets-toi sur le côté (de la route).",definition
38526,é flɛ́ kpɔ̀n,il a dégringolé de la branche comme le singe en parlant des jumeaux,definition
38589,"Ɖó tɔ́gbó mǐtɔn lɛ́ɛ nɔ gbejí ǎ. Yě wa nǔ e ma nyɔ́ Mawu Mavɔmavɔ, Mawu mǐtɔn nukún mɛ ǎ lɛ́ɛ. Yě jó e dó, yě ɖe kɔ sín Mawu Mavɔmavɔ xwé ɔ́ wú, lobo dó gǔdo. Yě dǒ vɛ̌ nú Mawu Mavɔmavɔ xwé ɔ́ káká bó sú hɔn lɛ́ɛ.",29.6,artefact
38828,kú dó zɔnlìn,merci pour le chemin a quelqu'un qui a apporté une commission ou qui est venu vous voir de loin,definition
38835,Nɔ ce tɔn wɛ̀,A qui appartient ce pagne ? - A ma mère.,definition
38952,"Mawu mǐtɔn, a nǎ dɔn tó nú yě ǎ wɛ a? Ɖó mǐ kpé nǔ ɖěbǔ wú ɖo ahwan wɔ̌buwɔ́bú énɛ́ e jǎwe ahwan tɔ́n mǐ gbé ɔ́ nukɔn ǎ. Mǐ ká tunwun nǔ e mǐ ná wa ɔ́ ǎ. Amɔ̌, mǐ ɖo nukún ɖó we wɛ ɖɔ a nǎ hwlɛ́n mǐ gán.”",20.12,artefact
38979,é dó zĭn,il a fait le zĭn amulette qui fait passer inaperçu,definition
38993,"Ahwan ɔ́ ká syɛ́n gbe nɛ́ gbe káká bɔ è gbɔ bo hɛn ɛ ɖó te ɖo kɛkɛ́ví tɔn mɛ, bɔ é nɔ ahwan ɔ́ nu ɖo ahwangɔnu Silíi tɔn ɔ́ nukɔn. Hwenu e hwe ɖo xɔ yi wɛ ɔ́, é kú.",18.34,artefact
39087,gban nukun ɖokpo,31,artefact
39218,Kanɖe nukun atɔn,43,artefact
39235,"Ée Yexoyada zán wá kú ɔ́, Judáa sín gǎn lɛ́ɛ wá axɔ́sú ɔ́ gɔ́n, bó kan xwé byɔ́. Bɛ́ sín hwenɛ́nu ɔ́, é nɔ́ bló nǔ e yě nɔ́ ɖɔ n'i lɛ́ɛ é.",24.17,artefact
39406,"É dó zǎlínkpɔ́n zo ɖo Bɛni-Hinnɔ́mu tɔdo mɛ; é xwedó walɔ baɖabaɖa akɔta e Mawu Mavɔmavɔ nya bó yí ayǐkúngban yětɔn nú Izlayɛ́li lɛ́ɛ é tɔn, bó sɔ́ vǐ tɔn dó sá vɔ̌ ná.",28.3,artefact
39459,Kanɖe afɔtɔn nukun ɖokpo,56,artefact
39505,"Mawu mǐtɔn, hwenu e togun towe Izlayɛ́li jǎwe to mɛ fí ɔ́, hwi wɛ yí to ɔ́ sín toví lɛ́ɛ sí, bó zé ná xɔ́ntɔn towe Ablaxámu ví lɛ́ɛ, bɔ é nyí yětɔn káká sɔ́yi.",20.7,artefact
39553,"É ɖe sɔ́jagán ɖé lɛ́ɛ ɖó togun ɔ́ nu. É kplé yě mɛ bǐ ɖó toxo ɔ́ sín hɔntogbó nukɔn, bó ná glǎglá yě bó ɖɔ:",32.6,artefact
39715,Ahwlikpɔnuwa sɔ gogo tlεnɔ,La princesse Ahwlikpɔnuwa heurte un célibataire de ses fesses rondes,definition
39813,"Énɛ́ ɔ́, Mawu Mavɔmavɔ hwlɛ́n Ezekiyási kpó Jeluzalɛ́munu lɛ́ɛ kpó ɖo Senakelíbu Asilíi xɔ́sú ɔ́ sí, bó hwlɛ́n yě ɖo kɛntɔ́ yětɔn lɛ́ɛ bǐ sí, bó cyɔ́n alɔ yě jí ɖo yě mɛ e lɛ́ dó yě lɛ́ɛ nukɔn.",32.22,artefact
39844,"Axɔ́súɖuto ɖě lɛ́ɛ bǐ se lě e Mawu Mavɔmavɔ fun ahwan xá Izlayɛ́li kɛntɔ́ lɛ́ɛ gbɔn é, bó jɛ xɛsi ɖi nú Mawu Mavɔmavɔ jí.",20.29,artefact
39878,Kanɖe afɔtɔn nukun εnε,59,artefact
39986,"Mi bo ɖó sísí nú Mawu Mavɔmavɔ ganjí, bó hɛn ayi dó azɔ̌ e wa gbé mi ja ɔ́ wú, ɖó Mawu Mavɔmavɔ, Mawu mǐtɔn nɔ́ yí gbe nú hwɛagɔdídó ǎ, é ka nɔ́ yí gbe ɖɔ è nǐ nɔ gbɛtɔ́ jí ǎ, é nɔ́ ba ɖɔ è nǐ nɔ ɖu kpa ǎ.”",19.7,artefact
39998,E hínhán lan myɔ̀,Elle a fait griller légèrement de la viande au feu.,definition
40040,Gban nukun we,32,artefact
40154,Kanɖe ko nukun ɖokpo,61,artefact
40264,"Ée Yexolámu yi zinkpo jí, bó zé acɛkpikpa tɔn jínjɔ́n ayǐ ganjí ɔ́, é zɔ́n bɔ è hu nɔví tɔn súnnu lɛ́ɛ bǐ kpódó gǎn e ɖo axɔ́súɖuto tɔn mɛ lɛ́ɛ ɖěe kpó.",21.4,artefact
40280,"5Énɛ́ ɔ́, é kplé vɔ̌sánú-xwlémawutɔ́ lɛ́ɛ kpó Levíi ví lɛ́ɛ kpó, bó ɖɔ nú yě ɖɔ: “Mi ná nɔ́ gbɔn toxo e ɖo Judáa lɛ́ɛ mɛ, bó ná nɔ́ yí akwɛ́ ɖo Izlayɛ́li ví lɛ́ɛ bǐ sí, bó ná nɔ́ dó bló xwé Mawu mitɔn tɔn ɖó xwewú xwewú. Mi ní ká yá wǔ sí te dó azɔ̌ énɛ́ ɔ́ wú.” É ɖɔ mɔ̌ có Levíi ví lɛ́ɛ yá wǔ sí te dó azɔ̌ wú ǎ.",24.5,artefact
40361,"È lɛ̌ hɛn nyibú nǔwɔntɔn (600) kpódó lɛ̌ngbɔ́ afɔwó-afatɔ́n (3.000) kpó, dó sá vɔ̌ ɖě lɛ́ɛ ná.",29.33,artefact
40374,Kpɔ́n nù yɛ́,Regarde moi ça (en parlant avec mépris d’une personne) (Abomey).,definition
40497,Ko nukun ɛnɛ,24,artefact
40868,"Ée axɔ́sú ɔ́ se xó e ɖo sɛ́nwéma ɔ́ mɛ ɔ́, é vún awu dó kɔ nú éɖée,",34.19,artefact
40929,Yexoyada wá kpo bǐ. Xwe kantɔn wǒ (130) wɛ é ɖó bó kú; é dɔ́ ji ɖésú.,24.15,artefact
40960,Ko nukun tεnnε,29,artefact
40976,kέn nùsínsέn,écraser un à un les boutons avec l'ongle du pouce,definition
41234,Kú dó zɔnlìn,Merci pour la course (A quelqu’un qui a apporté une commission ou qui est venu vous voir de loin).,definition
41376,"Oziyási mɛ tocɔ́kpe ɖé lɛ́ɛ ɖó Jeluzalɛ́mu; é mɛ ɖó Zwemɛhɔntogbó ɔ́ ta nu, bó mɛ ɖó tɔdo mɛ hɔn ɔ́ ta nu, bó lɛ́ mɛ ɖó fí e è nɔ ylɔ́ ɖɔ Zwemɛ é; é mɛ tocɔ́kpe lɛ́ɛ bɔ yě yi jǐ ganjí.",26.9,artefact
41545,"bó zɔ́n vɔ̌sánú-xwlémawutɔ́ Ilukya kpó Axikamu Cafáni ví ɔ́ kpó, kpó Avidɔni Mika ví ɔ́ kpó, kpó Cafáni wěgbójínɔtɔ́ ɔ́ kpó, kpódó Asaya azaglɔ́gán tɔn ɖokpó kpó ɖɔ:",34.20,artefact
41585,É bló vodúnkpe nú nǔ e nɔ́ ná wěziza ɖo jǐxwé lɛ́ɛ gbɔn kɔ́xota we e ɖo Mawu Mavɔmavɔ xwé gbe lɛ́ɛ.,33.5,artefact
41592,"Bɔ togun ɔ́ bǐ sɔ́ nǔ, bó yi kíjá xwé Baalu tɔn ɔ́ bǐ. Yě gba vɔ̌sákpe lɛ́ɛ kpó bǒcyɔ lɛ́ɛ kpó, lobo lɛ́ hu Matáni. Nya énɛ́ ɔ́ vodún Baalunɔ wɛ; yě hu i nyi vɔ̌sákpe lɛ́ɛ nukɔn.",23.17,artefact
41648,Mawu Mavɔmavɔ ɖɔ xó nú Manasée kpó togun tɔn kpó có yě ké ya ná ǎ.,33.10,artefact
41683,mì alɔ̀,secouer la main après avoir touché quelque chose de chaud,definition
41828,"Lo ɔ́, Manasée dɔn Judáa to ɔ́ kpódó Jeluzalɛ́munu lɛ́ɛ kpó bú, bɔ nǔ nyanya e yě dó sin ɔ́ hú nǔ nyanya e togun e Mawu Mavɔmavɔ nya bo yí ayǐkúngban yětɔn nú Izlayɛ́li ví lɛ́ɛ é tɔn.",33.9,artefact
41905,tánnyínɔ́,femme de la maison chargée des cérémonies en l'honneur des autels portatifs,definition
41905,tásínɔ́,femme de la maison chargée des cérémonies en l'honneur des autels portatifs,definition
42029,"É ɖɔ nú Judáanu lɛ́ɛ ɖɔ yě ní sɛn Mawu Mavɔmavɔ, Mawu tɔ́gbó yětɔn lɛ́ɛ tɔn. Yě ní nyi sɛ́n tɔn, lobo wa nǔ e é zɔ́n lɛ́ɛ é.",14.4,artefact
42124,cáxóxooó,exclamation que l'on pousse dans des circonstances graves accident mort,definition
42256,ko atɔɔn,25,artefact
42294,E ɖɔ,"""Nu a na wa jɛ nukɔn ɔ, e wa gbɔn gudo wɛ a ɖe nɛ""",definition
42316,un kàn xwé byɔ́,comment vont les gens de ta maison c'est le salut que l'on adresse aux gens très respectables,definition
42378,"Xwe ɖokpó, hwà ɖokpó","Une année, un cheveu blanc (Bonne année, bon anniversaire, longue vie).",definition
42478,"Lo ɔ́, Mawu Mavɔmavɔ jló ná vívá kún nú Davídi xwédo ɔ́ ǎ. É jló ná sú kún tɔn dó ǎ, ɖó akpá e é dó nú mɛsɛntɔ́ tɔn Davídi ɖɔ kúnkan tɔn ná ɖu axɔ́sú káká sɔ́yi é wú.",21.7,artefact
42513,"Xwe gbantɔ́n (35) wɛ Jozafáti ɖó hwenu e é yi axɔ́súzinkpo jí ɖo Jeluzalɛ́mu é. É ɖu axɔ́sú nú xwe koatɔ́n (25), bó nɔ́ nɔ Jeluzalɛ́mu. Nɔ tɔn nɔ nyí Azuva; Ciluxi ví wɛ.",20.31,artefact
42610,"Azɔ̌watɔ́ lɛ́ɛ jɛ azɔ̌ jí. Azɔ̌ nyɔ́ wa yětɔn zɔ́n bɔ fí e xwé ɔ́ gblé ɖe lɛ́ɛ ɔ́, yě jɛ blǒbló ɖó jí, bɔ xwé ɔ́ jɛ lě e é ɖe gbɔn ɖ'ayǐ ɔ́, bó syɛ́n ganjí.",24.13,artefact
42662,gbà dεὲn,"se renverser en s'éparpillant (pour des céréales maïs, sorgho, haricot...)",definition
42703,"Xwe afɔtɔn-nukún-ɖokpó wɛ Oziyási ɖó, bó yi axɔ́súzinkpo Judáa tɔn jí ɖo Jeluzalɛ́mu. É ɖu axɔ́sú nú xwe kanɖé wěwe (52). Nɔ tɔn ɔ́, Jeluzalɛ́munu wɛ, bɔ è nɔ ylɔ́ ɛ ɖɔ Yekolia.",26.3,artefact
42717,É ɖó gɛ̀ n’í,Il a un fait un talisman pour annihiler celui qu’il lui envoyait.,definition
42826,"gɛ̌nkpákpɛ, aklasú alɔkpa alɔkpa,","le milan, l'autour et ce qui est de son espèce;",definition
42861,"bó ɖe gbeta tɔ́n ɖɔ è nǎ jlá gbɔn Izlayɛ́li to ɔ́ bǐ mɛ, sín Bɛ̌-Ceva ɖo Tofɔligbé káká yi Dan ɖo Totaligbé, bónú mɛ bǐ ná wá Jeluzalɛ́mu bó ná ɖu Dǐndínwáyixwe ɔ́ dó Mawu Mavɔmavɔ, Mawu Izlayɛ́li tɔn ɔ́ tamɛ. Ɖó mɛ gěgé sɔ́ nɔ́ yi ɖu xwe ɔ́ lě e è wlǎn gbɔn ɔ́ ǎ.",30.5,artefact
42874,"É jɛ sɔ ɔ́, mi ná wlí ali bo ná yi mɔ kɛntɔ́ mitɔn lɛ́ɛ. Yě ná gbɔn Tisi kpó ɔ́ jí wá, mi ná mɔ yě ɖo tɔdo ɔ́ tó, ɖo gbětótló Yeluɛli tɔn ɔ́ nukɔn.",20.16,artefact
43024,"Ezekiyási ná gǎnjɛwú mi ɖɔ Mawu Mavɔmavɔ, Mawu mitɔn ná hwlɛ́n mi sín alɔ ce mɛ. Blɛ̌blɛ́ mi wɛ é ɖe. Adɔ kpó sinnugblá kpó wɛ ná hu mi.",32.11,artefact
43120,"Zikli ahwanfuntɔ́ ɖaxó Eflayímunu ɔ́ hu Maaseyahu axɔ́sú ɔ́ sín vǐ. É lɛ́ hu Azlikámu hɔnmɛ gán ɔ́ kpó Ɛlukana, ahwangán axɔ́sú ɔ́ tɔn kpó.",28.7,artefact
43186,"Yě sí te bó gba vɔ̌sákpe e jí è nɔ sá vɔ̌ nú vodún ɖe ɖo Jeluzalɛ́mu lɛ́ɛ kpó éé jí è nɔ dó zǎlínkpɔ́n zo nú vodún ɖe lɛ́ɛ bǐ kpó, bó bɛ́ yě kɔn nyi Sedlɔ́n tɔdo ɔ́ mɛ.",30.14,artefact
43191,kanwe atɔɔn nukun ɖokpo,86,artefact
43337,e ɖŏ alɔ̀ kɔ̀,il a reposé le cou sur sa main pour une personne âgée morte sur la natte,definition
43358,"Ayǐhɔ́ngbe tɔn zǎnzǎn tɛɛn ɔ́, yě bǐ jɛ ali ɖidó Tekowa sín gbětótló ɔ́ mɛ. Hwenu e yě jló ná jɛ ali ɔ́, Jozafáti wá ɖɔ nú yě ɖɔ: “Judáanu e mi, Jeluzalɛ́munu e mi, mi ɖótó mì. Mi ɖeji dó Mawu Mavɔmavɔ, Mawu mitɔn wú; énɛ́ ɔ́, é ná dó wǔsyɛ́n lanmɛ nú mi. Mi ɖeji dó gbeyíɖɔ tɔn lɛ́ɛ wú; énɛ́ ɔ́, mi ná ɖuɖéjí.”",20.20,artefact
43361,"Yě mɛ e wá kplé ɖo Mawu xwé gbe lɛ́ɛ bǐ jɛ akɔ dó lě e è nǎ sɔ́ axɔ́sú ɔ́ gbɔn ɔ́ tamɛ, bɔ Yexoyada ɖɔ nú yě ɖɔ: “Joasi axɔ́sú ví ɔ́ ɖíe; é wɛ ɖó ná ɖu axɔ́sú lě e Mawu Mavɔmavɔ ɖɔ gbɔn dó Davídi ví lɛ́ɛ wú é.",23.3,artefact
43442,Kanwe nukun atɔɔn,85,artefact
43466,"Énɛ́ ɔ́ gúdo ɔ́, yě ɖa éé nyí yědɛɛ lɛ́ɛ kpó vɔ̌sánú-xwlémawutɔ́ lɛ́ɛ kpó tɔn lɛ́ɛ, ɖó vɔ̌sánú-xwlémawutɔ́ Aalɔ́ɔn ví lɛ́ɛ ɔ́, yě ɖo vɔ̌ e è nɔ dó zo lɛ́ɛ sá wɛ, bó ɖo jǒ lɛ́ɛ dó zo wɛ káká bɔ zǎn kú. Nǔ e wútu Levíi ví lɛ́ɛ ɖa éé nyí yědɛɛ lɛ́ɛ ɖésú tɔn lɛ́ɛ kpó vɔ̌sánú-xwlémawutɔ́ Aalɔ́ɔn ví lɛ́ɛ kpó tɔn ɔ́ nɛ́.",35.14,artefact
43603,nɔxwe ou nɔxwi,nom propre du lac qui baigne la ville de cotonou,definition
43625,E jí ná,Il en est fier (de la moto qu’il va acheter).,definition
43757,"Ɖó Atalíi, nǎwe dídá énɛ́ ɔ́ kpódó mɛ tɔn lɛ́ɛ kpó jó Mawu xwé ɔ́ dó, bɔ é gba; énɛ́ ɔ́ víví hwedó e, bɔ yě bɛ̌ nǔ e ɖo xwé ɔ́ gbe lɛ́ɛ bǐ, dó yi sɛn vodún Baalu lɛ́ɛ ná.”",24.7,artefact
43871,Amasíya Zikli ví ɔ́. Éyɛ́ ɖésúnɔ wɛ ɖó jlǒ bó ná wa azɔ̌ nú Mawu Mavɔmavɔ. É kpa acɛ dó ahwanfuntɔ́ syɛ́nsyɛ́n adɔ̌kpo wǒ nu (200.000).,17.16,artefact
43922,É sè amagbè,Il a bonne connaissance du Fá (se dit pour un sorcier).,definition
43958,"Ahwanfuntɔ́ énɛ́ lɛ́ɛ bǐ bló gbɛtɔ́ adɔ̌kpo afɔtɔn děgba ɖě afɔtɛ́nwe kanwe ko (307.500). Yě dó hlɔ̌nhlɔ́n ganjí; yě bǐ ɖo gbesisɔ mɛ, bó ná fun ahwan xá axɔ́sú ɔ́ sín kɛntɔ́ lɛ́ɛ.",26.13,artefact
44052,"“Mawu Mavɔmavɔ ɖɔ: ‘Mi ɖótó, un ná sɛ́ awě dó toxo élɔ́, bó sɛ́ dó mɛ e ɖo toxo ɔ́ mɛ lɛ́ɛ. Un ná bló mɔ̌ bɔ nudómɛ e xó è ɖɔ dó wěma e è xa ɖo axɔ́sú Judáa tɔn ɔ́ nukɔn lɛ́ɛ bǐ ná jɛ.",34.24,artefact
44061,e hwyɔ́ akpa tɔ̀n,il a mis des compresses d'eau chaude sur sa plaie,definition
44154,Nǔ e mi ná wa é ɖíe: Mi vɔ̌sánú-xwlémawutɔ́ kpódó Levíi ví e ɖo azɔ̌ ná wa wɛ gbɔjɛzán gbe lɛ́ɛ kpó ná má miɖée ɖó atɔn. Atɔnvlɔ́ɖó ɖó ná nɔ Mawu xwé ɔ́ sín hɔntogbó lɛ́ɛ jí.,23.4,artefact
44226,"Énɛ́ ɔ́, é ɖɔ bɔ yě mɛ e ɖo Jeluzalɛ́mu lɛ́ɛ kpó mɛ e ɖo akɔta Bɛnjamɛ́ɛ tɔn mɛ lɛ́ɛ kpó bǐ yí gbe bo jɛ akɔ ɖokpó énɛ́ ɔ́. Bɔ Jeluzalɛ́munu lɛ́ɛ wa nǔ lě e akɔ e Mawu tɔ́gbó yětɔn lɛ́ɛ tɔn ɔ́ jɛ xá yě ɔ́ byɔ́ gbɔn é.",34.32,artefact
44284,é nyì mă mì,il a fait allusion à ce que j'ai fait ou dit pour s'en moquer,definition
44304,"Mɔ̌ ɖokpó ɔ́, vɔ̌sánú-xwlémawutɔ́gán lɛ́ɛ bǐ kpó togun ɔ́ kpó lɔ fɔ́n bó ɖo hwɛ baɖabaɖa hu dó hwɛ jí wɛ walɔ baɖabaɖa e akɔta e ma nɔ sɛn Mawu ǎ lɛ́ɛ nɔ́ zán lɛ́ɛ ɖɔhun. Yě ɖu su nú xwé e Mawu Mavɔmavɔ sɔ́ ɖó vo nú éɖée ɖo Jeluzalɛ́mu é.",36.14,artefact
44360,sέn kέn,former des gouttelettes d'eau (sur un bouteille qu'on sort du froid sur un corps bien lavé),definition
44505,E hu gan mi,"II est mon supérieur, c'est plus fort que moi, c'est au-dessus de mes forces",definition
44552,"Kpɛn kpó lanzo kpó ɖo nǔ ɖɔ wɛ bɔ yě zě gbe dó jǐ, bó dó akpá nú Mawu Mavɔmavɔ kpó awǒbóbó kpó.",15.14,artefact
44685,xέ nà,rendre un culte aux nà en leur offrant à manger,definition
44826,mlĭ kɔ́,mettre en boules la terre pétrie pour construire un mur,definition
44829,Kanɖe nukun aizεn,46,artefact
44831,"Bɔ axɔ́sú Izlayɛ́li tɔn ɔ́ yí gbe nú Jozafáti ɖɔ: “Nya ɖokpó lɛ́ ɖo fí, bɔ mǐ sixú kan nǔ byɔ́ Mawu Mavɔmavɔ gbɔn jǐ tɔn. Un ka gbɛ́ wǎn n'i, ɖó é nɔ mɔ nǔ ɖagbe ɖé ɖɔ nú mì ǎ; nǔ nyanya kɛ́ɖɛ́ jɛ́n é nɔ mɔ ɖɔ nú mì. Micée Yimula ví ɔ́ wɛ.” Ée é ɖɔ mɔ̌ ɔ́, Jozafáti ɖɔ n'i ɖɔ: “Sɛ́mɛɖó, ma ɖɔ mɔ̌ ó.”",18.7,artefact
44839,kanɖe fɔtɔn nukun we,57,artefact
44919,"Hwenu e Asa ɖo xwe afɔtɔn bló wɛ ɖo zinkpo jí ɔ́, sun tɔn atɔngɔ́ ɔ́ mɛ wɛ yě kplé ɖo Jeluzalɛ́mu.",15.10,artefact
45010,"Nǔ ka ɖo mɔ̌ có, é gba vodún xwé lɛ́ɛ ǎ; énɛ́ ɔ́ zɔ́n bɔ togun ɔ́ sín ayi bǐ ɖo Mawu tɔ́gbó yětɔn lɛ́ɛ tɔn wú ǎ.",20.33,artefact
45020,"Énɛ́ ɔ́, vɔ̌sánú-xwlémawutɔ́ ɖaxó Azalyahu kpódó vɔ̌sánú-xwlémawutɔ́ ɖě lɛ́ɛ kpó ɖo kpínkpɔ́n ɛ wɛ, bó mɔ ɖɔ gudu tɔ́n ɖo nukɔn tɔn, bó yá wǔ nya ɛ tɔ́n; é ɖésúnɔ ká mɔ ɖɔ Mawu Mavɔmavɔ sín alɔ ko jɛ émí wú, bó yá wǔ tɔ́n sín xwé ɔ́ gbe.",26.20,artefact
45144,kanɖe gban,70,artefact
45226,gban atɔɔn nukun atɔn,38,artefact
45231,"Yě ɖó gbe kpɔ́, bó bló tɔjíhún e nɔ́ yi to línlín mɛ lɛ́ɛ. Tɔjíhúnglíntɛn Esiɔ́ni-Gevɛ́ɛ wɛ yě bló tɔjíhún lɛ́ɛ ɖe.",20.36,artefact
45254,"É ɖɔ xó nú Levíi ví lɛ́ɛ lɔ. Levíi ví lɛ́ɛ wɛ nɔ kplɔ́n nǔ Izlayɛ́li ví lɛ́ɛ bǐ bɔ è sɔ́ yě ɖó vo nú Mawu Mavɔmavɔ. É ɖɔ nú yě ɖɔ: “Mi zé akɔjijɛgbá mímɛ́ ɔ́ ɖó xwé e axɔ́sú Izlayɛ́li tɔn Salomɔ́ɔ Davídi ví ɔ́ sá nú Mawu ɔ́ gbe. Mi sɔ́ ná nɔ́ ɖíɖá ɖó abɔ̌ta ɖě ǎ. Din ɔ́, mi bo wa azɔ̌ nú Mawu Mavɔmavɔ, Mawu mitɔn ɔ́ kpó togun tɔn Izlayɛ́li ɔ́ kpó.",35.3,artefact
45355,"Mi hu kanlin e è nǎ dó ɖu Dǐndínwáyixwe ɔ́ ná lɛ́ɛ; mi slá wǔ nú miɖée, mi dó alɔ nɔví mitɔn lɛ́ɛ, bónú è nǎ bló nǔ lɛ́ɛ bǐ lě e Mawu Mavɔmavɔ ɖɔ gbɔn Mɔyízi jí é.”",35.6,artefact
45410,"Mawu Mavɔmavɔ sɔ́ acɛkpikpa tɔn jínjɔ́n ayǐ. Judáanu lɛ́ɛ bǐ nɔ́ hɛn nǔ bó nɔ́ wá ná Jozafáti, káká bɔ é jɛ dɔkun, bó xɔ susu bɔ é vɛ́ jlɛ́.",17.5,artefact
45430,kanwe nukun we,82,artefact
45454,Éŏ.,L’as-tu vu ? - Non. - Je pensais que tu l’avais vu.,definition
45478,"Yotámu zán wá kú, bɔ è sɔ́ ɛ yi ɖó Davídi Toxo mɛ, bɔ vǐ tɔn Akázi ɖu axɔ́sú ɖó tɛn tɔn mɛ.",27.9,artefact
45514,Hwenu su,C'est le moment. Il est temps (le temps a grandi),definition
45571,è wlǎn lě e é nɔ gbejí nú nǔ e è wlǎn dó Mawu Mavɔmavɔ sɛ́n ɔ́ mɛ gbɔn é d'é mɛ.,35.27,artefact
45575,"Bɛni-Hadadi yí gbe nú xó e axɔ́sú Asa ɖɔ ɔ́, bó sɛ́ ahwangán tɔn lɛ́ɛ dó, bɔ yě yi tɔ́n ahwan Izlayɛ́li sín toxo lɛ́ɛ; yě yǐ Iyɔ́ni, bó yí Dan, bó yí Avɛ́li-Mayimu. Yě yǐ agbanxɔ e ɖo Nɛfutali toxo lɛ́ɛ mɛ lɛ́ɛ bǐ.",16.4,artefact
45605,vi ny'avɔ ɖe,l'enfant est comme un pagne dont on peut se couvrir,definition
45648,"Énɛ́ ɔ́, Ezekiyási yí xó bó ɖɔ: “Din ɔ́, mi mɛ e dó agban wá nú Mawu Mavɔmavɔ lɛ́ɛ ɔ́, mi wá, mi fɔ kanlin mitɔn lɛ́ɛ kpó kú dó nú Mawu vɔ́ mitɔn lɛ́ɛ kpó wá Mawu Mavɔmavɔ xwé gbe.” Ée é ɖɔ mɔ̌ ɔ́, yě bɛ̌ kanlin yětɔn lɛ́ɛ kpó kú dó nú Mawu vɔ́ yětɔn lɛ́ɛ kpó wá. Mɛ e nɔ hun alɔ bo nɔ ná nǔ mɛ ɖo yě mɛ lɛ́ɛ hɛn kanlin bó ná sá vɔ̌ e è nɔ dó zo ɔ́ ná.",29.31,artefact
45667,kpέdóví,enfant encore à la mamelle quand sa mère devient enceinte,definition
45667,kpεdóvú,enfant encore à la mamelle quand sa mère devient enceinte,definition
45674,É dà̀ tú gbɔ̀,Il a tiré un coup de fusil et il a raté la cible.,definition
45946,kanɖe ko,60,artefact
45976,"Mawu Mavɔmavɔ bló mɔ̌, ɖó nukún tɔn ɖo ayǐkúngban ɔ́ bǐ jí, bɔ é nɔ́ dó wǔsyɛ́n lanmɛ nú mɛ e yí wǎn n'i kpó ayixa yětɔn bǐ kpó lɛ́ɛ. Din ɔ́, a wa nǔ mɛ e ayixa ma sɔgbe ná ǎ ɖɔhun; énɛ́ wú ɔ́, ahwan fun wɛ jɛ́n a nǎ nɔ ɖe.”",16.9,artefact
46113,"Ée gǎn lɛ́ɛ bǐ kpó togun ɔ́ bǐ kpó se ɔ́, é víví nú yě, bɔ yě wá jɔ akwɛ́ dó gbǎ ɔ́ mɛ káká bɔ é gɔ́.",24.10,artefact
46281,É sɔ́ hwɛɖɔtɔ́ ɖó toxo e è mɛ ahohó lɛ́ lɛ̌ dó ɖo Judáa lɛ́ɛ bǐ nu.,19.5,artefact
46438,dŏ ahàn xɔ̀,déposer des boissons dans une variété de case pour la cérémonie du lendemain,definition
46505,afɔtɔn nukun ɖokpo,16,artefact
46632,ɖŏ afɔ̀ hùn jĭ,faire changer le rythme de la danse en posant le pied sur le tam-tam,definition
46814,"Zǎlínkpɔ́nfyɔ́nú ká kó ɖo Oziyási lɔ mɛ hwenɛ́nu nɛ́. Ée vɔ̌sánú-xwlémawutɔ́ lɛ́ɛ ɖɔ mɔ̌ n'i ɔ́, é sin xomɛ dó yě. Hwenu e é sín xomɛ ɔ́, gudu tɔ́n ɖo nukɔngɛ́ngɛ́n tɔn jí, ɖo xwé ɔ́ gbe fínɛ́, ɖo vɔ̌sákpe e jí è nɔ dó zǎlínkpɔ́n zo ɖe ɔ́ kpá, ɖo vɔ̌sánú-xwlémawutɔ́ lɛ́ɛ bǐ nukún mɛ.",26.19,artefact
46877,Kanɖe wewe,52,artefact
46919,"Ée mɛ bǐ se xó énɛ́ ɔ́, Izlayɛ́li ví lɛ́ɛ ná nǔ nukɔntɔn e nyɔ́ ɖo gle yětɔn mɛ lɛ́ɛ bɔ é sukpɔ́ ɖésú tawun. Yě ná blěe, vɛ̌ɛn yɔ̌yɔ́, ami, wǐin kpódó jinukún ɖě lɛ́ɛ kpó. Yě lɛ́ hɛn nǔ lɛ́ɛ bǐ sín mǎɖówǒ wá bɔ é sukpɔ́ ɖésú tawun.",31.5,artefact
46921,Joasi nɔ wa nǔ e nyɔ́ Mawu Mavɔmavɔ nukún mɛ ɔ́ hwenu e vɔ̌sánú-xwlémawutɔ́ Yexoyada ɖo gbɛ é.,24.2,artefact
46928,"Hwenu e Zekaliyahu ɖo gbɛ, bó nɔ́ kplɔ́n sísí ɖó nú Mawu Oziyási ɔ́, Oziyási nɔ dó gǎn, bó nɔ́ wa Mawu Mavɔmavɔ sín jlǒ, bɔ Mawu nɔ bló bɔ é wa nǔɖé ɔ́, é nɔ́ mɔ nu tɔn.",26.5,artefact
46960,"Hlobowámu ɖu axɔ́sú ɖo Jeluzalɛ́mu, bó sɔ́ acɛkpikpa tɔn jínjɔ́n ayǐ ganjí. Xwe kanɖé-nukún-ɖokpó (41) wɛ é ɖó, bó ɖu axɔ́sú. É ɖu axɔ́sú ɖo Jeluzalɛ́mu nú xwe afɔtɔn-nukún-we. Jeluzalɛ́mu ɔ́, toxo e Mawu Mavɔmavɔ sɔ́ ɖo akɔta Izlayɛ́li tɔn lɛ́ɛ bǐ mɛ, bɔ nyǐkɔ tɔn ná nɔ wú ɔ́ wɛ. Hlobowámu sín nɔ nɔ nyí Naama; Amumɔ́ɔ ví wɛ.",12.13,artefact
47173,sà gbè,dire la parole rituelle pour que le bô soit efficace,definition
47251,"Bɔ è wǎ ɖɔ nú Jozafáti ɖɔ: “Ahwangɔnu tobutóbú ɖé gosín Xu Kúkú ɔ́ sín awa jí, ɖo Edɔ́mu yíkúngban jí, bó jǎwe. Hasasɔ́ni-Tamáa wɛ yě ɖe din.” Hasasɔ́ni-Tamáa wɛ nyí Eyinu-Gɛdi.",20.2,artefact
47259,Afɔtɔn nukun ɖokpo,16,artefact
47296,"Ée Mawu Mavɔmavɔ sin xomɛ mɔ̌ ɔ́, é sɛ́ Babilɔ́nu xɔ́sú ɔ́ dó to ɔ́ mɛ bó jó nǔ e ɖo to ɔ́ mɛ lɛ́ɛ bǐ n'i. Axɔ́sú ɔ́ hu sɔ́ja lɛ́ɛ káká yi Mawu Mavɔmavɔ xwé ɔ́ gbe; é jó dɔ̌nkpɛvú dó ǎ, é jó ɖyɔ̌vǐ dó ǎ, é jó mɛxó dó ǎ, é jó degénɔ dó ǎ; mɛ bǐ wɛ é hu.",36.17,artefact
47367,kanɖe ko nukun ɖokpo,61,artefact
47381,"Izlayɛ́li ví lɛ́ɛ nɔ Mawu nǔgbó ɔ́ mɛ vo; yě nɔ vɔ̌sánú-xwlémawutɔ́ e ná nɔ kplɔ́n nǔ yě ɔ́ mɛ vo, bó nɔ sɛ́n ɔ́ mɛ vo; yě nɔ mɔ̌ káká.",15.3,artefact
47430,ɖè apì dŏ mε,marquer le peu d'importance que l'on accorde à une personne,definition
47504,"Sín hwenu e Amasiyasi lɛ́ kɔ sín Mawu Mavɔmavɔ gúdo ɔ́, lě e é kú gbɔn ɔ́ ɖíe: è blǎ gbě tɔn ɖo Jeluzalɛ́mu. É wá su gbe ɖokpó, bɔ é hɔn yi cí Lakíci toxo mɛ; amɔ̌, è tɔ́n gbě tɔn káká yi Lakíci dɔ̌n, bó hu i.",25.27,artefact
47534,Kanɖe ko ayizεn,66,artefact
47609,mì alɔ̀,secouer la main après avoir touché quelque chose de piquant,definition
47687,tέn kàn,fendre une tige flexible pour la préparer à attacher les fagots,definition
47719,"Kpatágan kpó siká kpó, kpódó nǔ tɛnmɛ tɛnmɛ e Asa kpó tɔ́ tɔn kpó bɛ́ ɖó vo nú Mawu Mavɔmavɔ lɛ́ɛ kpó ɔ́, é bɛ́ bǐ wá Mawu xwé.",15.18,artefact
47721,azăn yi atɔ̀n,il y a longtemps qu'on t'a vu - et même plus que cela,definition
47721,ɖokpó jɛ́ jí,il y a longtemps qu'on t'a vu - et même plus que cela,definition
47727,sέn fá,recevoir la première initiation au fâ au moment de l'adolescence,definition
47766,e kplá kpɔ̀n,il a accompagné le hamac se dit pour les varioleux,definition
47890,ko nukun we,22,artefact
47944,asigbá,malle avec le trousseau que le fiancé apportera la femme qu'il va épouser,definition
47944,asígbálɔgbá,malle avec le trousseau que le fiancé apportera la femme qu'il va épouser,definition
48078,"Lě e è to nǔ lɛ́ɛ gbɔn é ɖíe: vɔ̌sánú-xwlémawutɔ́ lɛ́ɛ ɖo azɔ̌ yětɔn lɛ́ɛ kɔn, bɔ Levíi ví lɛ́ɛ ɖo gbɛ̌ta yětɔn yětɔn mɛ lě e axɔ́sú ɔ́ zɔ́n gbɔn é.",35.10,artefact
48102,Ajámácóóó nú mi !,Mes félicitations (cri de félicitations à un groupe de travailleurs). Réponse = Yabaɖaóóó !,definition
48107,"Mi ná ɖɔ nú yě ɖo nyǐkɔ ce mɛ ɖɔ yě ní sú nya élɔ́, bónú è nǐ nɔ́ ɖo nǔɖuɖu kpɛví ɖé, sin kpɛví ɖé ná ɛ wɛ káká bónú má lɛ́ kɔ sín ahwangbénu wǔyɛ́yɛ́ afɔyɛ́yɛ́.”",18.26,artefact
48108,"Vɔ̌sánú-xwlémawutɔ́ lɛ́ɛ byɔ́ Mawu Mavɔmavɔ xwé ɔ́ gbe, bó ná slá wǔ ná. Yě ɖe suɖunú e yě mɔ ɖo Mawu Mavɔmavɔ xwé gbe lɛ́ɛ bǐ tɔ́n, bó bɛ́ yě ɖó kɔ́xota, ɖo xwé ɔ́ gbe, bɔ Levíi ví lɛ́ɛ wá bɛ́ yě kɔn nyi tɔdo Sedlɔ́n tɔn ɔ́ mɛ.",29.16,artefact
48215,"Levíi ví lɛ́ɛ kpódó Judáanu lɛ́ɛ bǐ kpó bló lě e vɔ̌sánú-xwlémawutɔ́ Yexoyada ɖɔ gbɔn é. Mɛ ɖokpó ɖokpó sɛ mɛ tɔn lɛ́ɛ kplé, mɛ e ɖo azɔ̌ ná wa wɛ gbɔjɛzán gbe lɛ́ɛ kpó mɛ e ɖo te jɛ wɛ lɛ́ɛ kpó. Yexoyada jó mɛ ɖěbǔ dó ǎ.",23.8,artefact
48225,Un na cyán nùyɔ́ywɛ́,Je vais aller chercher des brindilles (Expression employée par les jumeaux ou leur mère pour éviter de dire,definition
48291,"Ejípu xɔ́sú Nɛko sɔ́ Eliyakímu Yoakázi nɔví ɔ́ axɔ́sú ɖó Judáa kpó Jeluzalɛ́mu kpó nu, bó húzú nyǐkɔ n'i bɔ é nɔ nyí Yoyakímu. Axɔ́sú Nɛko kplá nɔví tɔn Yoakázi ɔ́ yi Ejípu.",36.4,artefact
48343,"Énɛ́ ɔ́, Ilukya yí xó, bó ɖɔ nú Cafáni wěgbójínɔtɔ́ ɔ́ ɖɔ: “Un mɔ sɛ́nwéma ɔ́ ɖo Mawu Mavɔmavɔ xwé gbe.” Ée é ɖɔ mɔ̌ ɔ́, é zé wěma ɔ́ jó nú Cafáni.",34.15,artefact
48366,"Énɛ́ ɔ́, wɛnsagun lɛ́ɛ yi gbɔn toxo e ɖo Eflayímu kpó Manasée kpó lɛ́ɛ mɛ, káká yi Zabulɔ́ɔn. Lo ɔ́, mɛ lɛ́ɛ nɔ́ ko yě, bó nɔ́ ɖɔ slǎmɛ yě wú.",30.10,artefact
48377,"É lɛ́ ɖɔ bɔ è blǒ agbanxɔ nú jinukún lɛ́ɛ, bó bló nú vɛ̌ɛn, bó bló nú ami, bó bló nǔ e mɛ kanlin tɔn tɛnmɛ tɛnmɛ lɛ́ɛ ná nɔ́ ɖu nǔ ɖe lɛ́ɛ, bó bló kpó e mɛ kanlin tɔn tɛnmɛ tɛnmɛ lɛ́ɛ ná nɔ́ nɔ lɛ́ɛ.",32.28,artefact
48574,"“Wǎ nú mǐ ní jɛ akɔ lě e tɔ́ ce kpódó tɔ́ towe kpó jɛ akɔ ɔ́ ɖɔhun. Kpatágan kpódó siká kpó e un sɛ́ dó we ɔ́ ɖíe. Yi klán akɔ xá axɔ́sú Izlayɛ́li tɔn Baeca, bónú é ní gosín ayǐkúngban ce jí.”",16.3,artefact
48897,"Ée a ɖu ɖo Edɔ́munu lɛ́ɛ jí é ɔ́, a ɖo ajɔ̌ jlá wɛ; a ɖo afɔ tɛ ayǐ wɛ; a ka kpé nǔɖé wú ǎ. A gbɔ bo nɔ xwé towe gbe ɔ́, é nyɔ́ nú we hú. Étɛ́wú a jlǒ ná dó ta ahwan e mɛ hwi kpó Judáanu lɛ́ɛ kpó bǐ ná yi dɔn ɖe é mɛ?”",25.19,artefact
48907,"Judáanu lɛ́ɛ gosín toxo e ɖo to ɔ́ mɛ lɛ́ɛ bǐ mɛ, bó wá kplé, bó ná byɔ́ alɔdó Mawu Mavɔmavɔ tɔn.",20.4,artefact
48911,"Énɛ́ ɔ́, axɔ́súɖuto Jozafáti tɔn ɔ́ mɔ agbɔ̌n, ɖó Mawu tɔn ná ɛ ayij'ayǐ gbɔn fí bǐ.",20.30,artefact
48996,"Ée Baeca se mɔ̌ ɔ́, é ɖó ahohó e è mɛ lɛ́ dó Hlama wɛ é ɖe ɔ́ te, bó ɖó azɔ̌ e wa wɛ é ɖe lɛ́ɛ bǐ te.",16.5,artefact
49000,So wɛ emi kpɛnzɔn,Le daman a tourné le dos à la montagne de Gbowelè - c'est que (explique-t-il) j'ai confiance en la montagne,definition
49078,Wamɔnɔ ma da hunyɔ.,Un pauvre n'épouse pas une vodunsi. - C'est affaire d'argent.,definition
49078,Akwɛnu wɛ.,Un pauvre n'épouse pas une vodunsi. - C'est affaire d'argent.,definition
49102,Yovózɛ́n ɔ́ lăn,"L’orange est blessée (On emploie cette expression lorsque, par maladresse, en épluchant une orange, on lui a fait une entaille profonde).",definition
49190,"Zeláxi Etiopíinu ɔ́ sɔ́ ahwannú, bó kplá ahwanfuntɔ́ lǐvi (1.000.000), bó hɛn kɛkɛ́ví afɔɖé kanwe ko (300), bó hun káká wá Maleca.",14.9,artefact
49204,Gban nukun ayizεn,36,artefact
49265,blă ká nú mε,offrir un plat de nourriture à quelqu'un dans une calebasse fermée,definition
49399,E ɖŏ alɔ̀ kɔ̀,Il a reposé le cou sur sa main (Pour une personne âgée morte sur la natte).,definition
49448,Hɛ̌nnugán afɔwó nǔwɔntɔn (2.600) wɛ ɖo ahwanfuntɔ́ syɛ́nsyɛ́n énɛ́ lɛ́ɛ nu.,26.12,artefact
49471,"Mɛsɛntɔ́ Senakelíbu tɔn lɛ́ɛ ɖo xó sú wɛ, bó ɖo xó ɖɔ wɛ nú mɛ e ɖo ahohó Jeluzalɛ́mu tɔn jí lɛ́ɛ wɛ dó Ebléegbe mɛ, bó ná ɖó adohu nú yě, bó dó xɛsi yě, bó ná mɔ tɛn dó yí toxo ɔ́.",32.18,artefact
49474,"Énɛ́ ɔ́ gúdo ɔ́, Asilíi xɔ́sú Senakelíbu sɛ́ mɛ dó Jeluzalɛ́mu; Lakíci toxo ɔ́ nukɔn wɛ é ɖe kpó ahwangɔnu tɔn lɛ́ɛ bǐ kpó hwenɛ́nu. Fínɛ́ wɛ é nɔ bó dó wɛn sɛ́ dó Judáa xɔ́sú Ezekiyási kpó Judáanu e ɖo Jeluzalɛ́mu lɛ́ɛ bǐ kpó ɖɔ:",32.9,artefact
49479,Kanɖe wo,50,artefact
49529,"È mɛ lɛ̌ngbɔ́ví Dǐndínwáyixwe ɔ́ tɔn ɔ́, bó ɖa vɔ̌sánú mímɛ́ lɛ́ɛ ɖo kozɛ́n kpó ganzɛ́n gɔngɔn kpó, kpódó ganzɛ́n wɛnjɛ kpó mɛ, lě e è nɔ bló gbɔn sín do é. Yě hwlɛ́n dó bó má nǔ e è ɖa lɛ́ɛ nú togun ɔ́ bǐ.",35.13,artefact
49611,Vì ɔ́ fùn bĭ,Cet enfant est complètement perdu (Il ne veut rien faire).,definition
49684,"Azɔn ɔ́ fɔ́n ɔ́, é nɔ́ ɖo syɛ́nsyɛ́n d'é jí wɛ, káká bó bló xwe we kpíkpé, bɔ adɔ tɔn lɛ́ɛ tɔ́n jɛ wěxo. É ɖo wǔvɛ́ ɖaxó ɖé mɔ wɛ mɔ̌ káká bó kú. Ée é kú ɔ́, toví tɔn lɛ́ɛ flɔ́ myɔ dó wlí yɛ̌yi n'i, lě e yě bló gbɔn nú tɔ́gbó tɔn lɛ́ɛ é ǎ.",21.19,artefact
49798,É xo kɔ n’í,Elle lui a fait les yeux doux (en dodelinant de la tête).,definition
49833,dŏ vὲ,répandre de la farine rouge devant le lieu où réside un vaudoun,definition
49846,Zemijan ya hu afɔ,C'est plus vite d'aller à zémidjan que d'aller à pieds.,definition
49853,"Axɔ́sú Joziyási sín tan e kpo ɔ́, è wlán, sín fí e é bɛ́ sín ɔ́ káká yi fí e é fó dó ɔ́ dó axɔ́sú Izlayɛ́li tɔn lɛ́ɛ kpódó Judáa tɔn lɛ́ɛ kpó sín Tan wéma mɛ;",35.26,artefact
49971,kanɖe woɖokpo,51,artefact
50239,"É bló nǔ e nɔ́ nyɔ́ Mawu Mavɔmavɔ nukún mɛ lɛ́ɛ, bó gbɔn ali e tɔ́gbó tɔn Davídi gbɔn é. É zɛ sín ali ɔ́ jí, bó yi ɖisí ǎ, é ka yi amyɔ ǎ.",34.2,artefact
50416,e jí ná,il en est fier de la moto qu'il va acheter,definition
50486,"Azɔ̌watɔ́ lɛ́ɛ kpé nukún dó azɔ̌ yětɔn wú ganjí. Azɔ̌watɔ́ énɛ́ lɛ́ɛ ɔ́, Levíi ví Yaxáti kpó Ovadiahu kpó e jɔ ɖo Mɛlali kún mɛ lɛ́ɛ wɛ ɖo yě nu. Levíi ví Zekaliya kpó Mɛculamu kpó e jɔ ɖo Kexáti kún mɛ lɛ́ɛ lɔ ɖo yě nu. Levíi ví énɛ́ lɛ́ɛ bǐ wɛ nyɔ́ nǔ xo ganjí.",34.12,artefact
50532,"Ée gǎn e kpa acɛ dó ahwankɛkɛ́ví lɛ́ɛ nu lɛ́ɛ mɔ Jozafáti jǎwe ɔ́, yě lin dó ayi mɛ ɖɔ: “Axɔ́sú Izlayɛ́li tɔn ɔ́ wɛ.” Énɛ́ ɔ́, yě xá ɛ bó ná wlí i. Jozafáti ka sú xó e è nɔ sú ɖo ahwangbénu é, bɔ Mawu Mavɔmavɔ nya kɛntɔ́ tɔn lɛ́ɛ, bó hwlɛ́n ɛ.",18.31,artefact
50570,kanɖe gban nukun ɛnɛ,74,artefact
50599,Afɔtɔn nukun we,17,artefact
50677,jò galí,enlever les gros grains du gari une fois séché au feu,definition
50800,Kanɖe gban,70,artefact
51120,"Ezekiyási ɖo afɔ tɛ ayǐ wɛ mɔ̌, có é kpó Jeluzalɛ́munu lɛ́ɛ kpó yí nǔ e yě wa nyi do lɛ́ɛ gbe, lobo sɔ́ yěɖée hwe; énɛ́ ɔ́, Mawu Mavɔmavɔ sɔ́ zé xomɛsin tɔn dó wa nǔ xá yě ɖo Ezekiyási hwenu ǎ.",32.26,artefact
51148,"Amaliyahu, vɔ̌sánú-xwlémawutɔ́ ɖaxó ɔ́ ká ɖo mi nu, bó ná nɔ kpé nukún nǔ e kan Mawu Mavɔmavɔ lɛ́ɛ bǐ wǔ. Zevadiyahu, Yicimayɛ́li ví e nyí gǎn hɔn-yitɔ́ ɖo axɔ́súɖuto Judáa tɔn ɔ́ mɛ ɔ́ ná nɔ kpé nukún dó nǔ e kan axɔ́sú ɔ́ lɛ́ɛ bǐ wú. Levíi ví lɛ́ɛ ka ná nɔ́ dó alɔ mi. Mi bo ɖó kan dó azɔ̌ wú, lobo nú Mawu Mavɔmavɔ ní nɔ kpɔ́ xá mɛ e ná bló ganjí é.”",19.11,artefact
51454,Kú dó gbe ɖé,Merci pour la fois passée (il y a un certain temps).,definition
51586,Kanɖe nukun ayizεn,46,artefact
51695,"Énɛ́ ɔ́ gúdo ɔ́, Jozafáti ɖɔ nú axɔ́sú Izlayɛ́li tɔn ɔ́ ɖɔ: “Din ɔ́, bo kɛnklɛ́n bó kan nǔ byɔ́ Mawu Mavɔmavɔ hwɛ̌.”",18.4,artefact
51781,É kàn nŭ,Il a consulté (Ce peut être le Fá ou un autre procédé de divination).,definition
51810,gban nukun we,32,artefact
52013,kanɖe gban atɔɔn nukun atɔn,78,artefact
52030,un ba we kpò,je suis venu te voir et je ne t'ai pas trouvé,definition
52058,E wínnyɔ́ gbèhán,Il a pris de l’herbe à pleine poignée pour l’arracher.,definition
52148,"Mɛ ɖěbǔ ní má byɔ́ xɔ ɔ́ mɛ zɛ vɔ̌sánú-xwlémawutɔ́ kpó Levíi ví e ɖo azɔ̌ ná wa wɛ lɛ́ɛ kpó wú ó. Yědɛɛ lɛ́ɛ ná byɔ́ mɛ, ɖó è ko ɖe yě ɖó vo nú azɔ̌ énɛ́ ɔ́. Togun ɔ́ bǐ ká ɖó ná xwedó sɛ́n e Mawu Mavɔmavɔ dó ɔ́, bó ná nɔ kɔ́xo.",23.6,artefact
52231,E kpò ká n’í,Il reste la calebasse pour lui (on dit cela lorsque quelqu’un n’a pas fini de manger en même temps que les autres).,definition
52254,"Oziyási ɖó ahwangɔnu ɖokpó; sɔ́ja tɔn lɛ́ɛ bǐ ɖo gbesisɔ mɛ bó ná fun ahwan. Wěgbójínɔtɔ́ Yeyiɛ́li kpó nǔjíkpɔ́ntɔ́ Maaseyahu kpó wɛ sɔ́ kɛ́n yětɔn. Ahwangán axɔ́sú ɔ́ tɔn ɖokpó nɔ́ nyí Hananiyahu; é wɛ nɔ kɛ́nsísɔ́ ɔ́ nu. Ahwanfuntɔ́ nabí e yě mɔ ɔ́ wɛ yě kpɔ́n, bó má yě ɖó sonu sonu.",26.11,artefact
52277,"Cafáni wěgbójínɔtɔ́ ɔ́ lɛ́ ɖɔ nú axɔ́sú ɔ́ ɖɔ: “Vɔ̌sánú-xwlémawutɔ́ Ilukya zé wěma ɖé nú mì.” Ée Cafáni ɖɔ mɔ̌ ɔ́, é xa wěma ɔ́ ɖo axɔ́sú ɔ́ nukɔn.",34.18,artefact
52422,É ɖà vĭ tɔ̀n,Il a fait des gris-gris à son enfant pour le protéger.,definition
52580,bayiì,natte grossière faite de nervures de branches de palmier à huile,definition
52580,bàzán,natte grossière faite de nervures de branches de palmier à huile,definition
52588,"Ée Atalíi axɔ́sú Akaziasi sín nɔ se ɖɔ vǐ émítɔn kú ɔ́, é jɛ mɛ e ko jɔ ɖo axɔ́ví kún mɛ ɖo Judáa lɛ́ɛ bǐ hu jí.",22.10,artefact
52623,"Ɖɛ e é xo ɔ́, lě e Mawu yǐ ɖɛ tɔn gbɔn ɔ́, hwɛ e é hu lɛ́ɛ, gbejí e é má nɔ nú Mawu ǎ é, fí e é xo vodúnkpe gbɔn só jí só jí gbɔn lɛ́ɛ, vodún Acela e é tun te é kpódó bǒcyɔ e é tun te, có bó wá yí hwɛ e é hu lɛ́ɛ gbe ɖo Mawu nukɔn lɛ́ɛ kpó ɔ́, è wlǎn bǐ dó “Hozayi sín Tan wéma” ɔ́ mɛ.",33.19,artefact
52717,Kanɖe ko atɔɔn,65,artefact
52814,yĕ càn kɛkɛ́,ils ont fait un choc à vélo en se rencontrant,definition
52828,é yi fí ɖagbè,il est allé dans un bon endroit c'est ainsi que l'on annonce la mort d'un varioleux,definition
52875,"Ée yě wá kplé ɔ́, Jozafáti sí te, bó kpan nukɔn kɔ́xota yɔ̌yɔ́ e ɖo Mawu xwé gbe ɔ́, bɔ Jeluzalɛ́munu lɛ́ɛ kpódó Judáanu ɖě lɛ́ɛ kpó lɛ́ dó e.",20.5,artefact
53411,Ko nukun atɔɔn,25,artefact
53421,fàn sìn,délayer des pâte de farine de maÏs dans de l'eau pour préparer une boisson,definition
53505,a se fɔngbè céɖécéɖé,tu comprends le fon parfaitement - non je le comprends un peu un peu,definition
53598,É gbɔ́n agɔndlò cɔncɔncɔ̀n,Il a aspiré (l’eau de) la noix de coco avec avidité.,definition
53674,Sɛ́ ɖɛ̀ wú wɛ̀,"Grâce à la bénédiction de la Providence (Nous avons échappé à tel malheur, ou réussi telle entreprise).",definition
53801,E flá azɔ̀n,Il a neutralisé la cause de la maladie (empoisonnement provoqué).,definition
53950,"Amɔ̌, éyɛ́ yí hwɛ e é hu lɛ́ɛ gbe ɖo Mawu Mavɔmavɔ nukɔn lě e Manasée yí hwɛ tɔn lɛ́ɛ gbe gbɔn é ǎ, ɖó éyɛ́ Amɔ́ni ɔ́, é fɔ́n ɔ́, nǔ wa nyi do d'é jí wɛ jɛ́n é nɔ ɖe.",33.23,artefact
54006,fítɛ́ agbankàn ce ɖè,où est le cadeau que tu m'as rapporté de ton voyage,definition
54606,é wló avɔ sà,il a détourné le pagne pour se faire de l'argent,definition
54670,Azăn yi atɔ̀n.,Il y a longtemps qu’on t’a vu. - Et même plus que cela !,definition
54670,Ɖokpó jɛ́ jí !,Il y a longtemps qu’on t’a vu. - Et même plus que cela !,definition
54706,É nyì mă mì,Il a fait allusion à ce que j’ai fait ou dit pour s’en moquer.,definition
54953,Azɔmɛvi lɛ ɖo azɔxɔmɛ,"Dans la salle de classe, il y a des élèves.",definition
55010,"Mawu ɖó dó kpɔ́n e Akaziasi yi kpɔ́n Yolámu ɔ́ wú, lobo wa nǔ xá ɛ. Ée Akaziasi wá Yolámu gɔ́n ɔ́, é kpó é kpó ɖidó, bó yi kpé Jehu Nimuci ví ɔ́. Jehu ɔ́, Mawu Mavɔmavɔ ka ko sɔ́ ɛ axɔ́sú, bɔ é ná vívá kún nú Akábu xwédo ɔ́.",22.7,artefact
55013,"Togun ɔ́ bǐ ɖe kɔ́, bɔ è ɖo han ɔ́ ji wɛ, bó ɖo kpɛn kún wɛ mɔ̌ káká bó sá vɔ̌ ɔ́ fó.",29.28,artefact
55062,A ɖu vi gbɛ,"Tu es heureux d'avoir un bon fils ("" tu manger fils vie "")",definition
55100,"Midɛɛ lɛ́ɛ wɛ xwe ahwan fun xá yě gbé ɖo fínɛ́ ǎ. Judáanu e mi, Jeluzalɛ́munu e mi, mi cí fínɛ́ kpowun, mi ma sɛ tɛn ó, bó ná kpɔ́n lě e un ná hwlɛ́n mi gán gbɔn é. Mi ma ɖi xɛsi ó, ado ní ma hu mi ó. É jɛ sɔ ɔ́, mi ná tɔ́n bó yi kpé yě. Nyɛ Mawu Mavɔmavɔ ká ná nɔ kpɔ́ xá mi.’ ”",20.17,artefact
55134,E ɖɔ,"nu a na wa jε nukɔn ɔ, e wa gbɔn gudo wε a ɖe nε",definition
55214,"Hwenu e Jozafáti ɖo xwe atɔn bló wɛ ɖo zinkpo jí ɔ́, é sɛ́ azaglɔ́gán tɔn Bɛni-Hayílu, Ovadiahu, Zekaliya, Nɛtanɛli kpódó Mikayahu kpó dó Judáa toxo lɛ́ɛ mɛ, bɔ yě ná nɔ́ kplɔ́n nǔ mɛ.",17.7,artefact
55245,"Lo ɔ́, ɖagbe e Mawu Mavɔmavɔ wa nú Ezekiyási ɔ́, é tunwun n'i ǎ. É nyɔ́ wa ɔ́, afɔ tɛ ayǐ jí wɛ é lɛ́ jɛ, bɔ Mawu Mavɔmavɔ sin xomɛ dó e, bó sin xomɛ dó Judáa to ɔ́ kpó Jeluzalɛ́mu toxo ɔ́ kpó.",32.25,artefact
55260,É wlán wèmá n’í,Il a écrit une lettre pour lui (à sa place).,definition
55279,blă ta nú mε,introniser quelqu'un dans une fonction royale ou dans le culte vaudoun,definition
55292,"Xwe koatɔ́n (25) wɛ é ɖó bó yi axɔ́súzinkpo jí ɖo Jeluzalɛ́mu, bó ɖu axɔ́sú nú xwe afɔtɔn-nukún-ɖokpó.",27.8,artefact
55489,Wo atɔn (watɔn),13,artefact
55569,Un ba we kpò,Je suis venu te voir et je ne t’ai pas trouvé.,definition
55573,"Yě xwe ahwan fun gbé hweɖěbǔnu ɔ́, axɔ́sú ɔ́ nɔ́ bɛ́ gǎglónú, hwǎn, gangbákún, ganwu, gǎ kpódó hwǎn e è nɔ zé dó klohwán mɛ ɔ́ kpó nú yě.",26.14,artefact
55588,e dà tú gblá,il a tiré avec son fusil et manqué le but,definition
55608,"Axɔ́sú ɔ́ kpó togun ɔ́ bǐ kpó yí gbe nú linlin énɛ́ ɔ́,",30.4,artefact
55617,mì alɔ̀,secouer la main après avoir touché quelque chose de sale,definition
55684,tà fin mi azonɖokpo,ça ma donné des maux de tête sur le champ,definition
55722,é cέ avɔ sà,il a vendu du tissu en volant sur la mesure,definition
55727,"Énɛ́ ɔ́ gúdo ɔ́, Yexoyada ɖe Levíi ví vɔ̌sánú-xwlémawutɔ́ lɛ́ɛ, bɔ yě ná nɔ́ cɔ́ Mawu Mavɔmavɔ xwé ɔ́. Davídi wɛ ko má yě mɛ énɛ́ lɛ́ɛ dó Mawu Mavɔmavɔ xwé gbe, bónú yě ná nɔ xwlé vɔ̌sánú e è nɔ dó zo lɛ́ɛ Mawu Mavɔmavɔ ɖo Mawu Mavɔmavɔ xwé ɔ́ gbe, lě e é ɖe gbɔn ɖo Mɔyízisɛ́n ɔ́ mɛ é. É kó ɖɔ nú yě ɖɔ yě ní nɔ́ wa azɔ̌ énɛ́ lɛ́ɛ kpó awǎjijɛ sín han lɛ́ɛ kpó.",23.18,artefact
55731,wlá axì,aller au marché demander des choses pour offrir aux jumeaux défunts,definition
55773,zemijan ya hu afɔ,c'est plus vite d'aller à zémidjan que d'aller à pieds,definition
55831,e nya vɛ̀,il a été initié on lui a montré le secret,definition
55909,"Nǔ e má nyɔ́ Mawu Mavɔmavɔ nukún mɛ ǎ lɛ́ɛ wɛ é dó sin tɔ́ tɔn Manasée ɖɔhun. É nɔ́ sá vɔ̌ nú bǒcyɔ e tɔ́ tɔn bló lɛ́ɛ bǐ, bó nɔ sɛn yě.",33.22,artefact
55952,E glo,"C'est impossible, on n'a obtenu aucun résultat, cela a résisté",definition
56049,"Yě cí zogbɛ́n lɛ́ɛ, bó dó zǎlínkpɔ́n zo nú Mawu Izlayɛ́li tɔn ɔ́ ǎ; yě ká sá vɔ̌ e è nɔ dó zo lɛ́ɛ n'i ɖo Mawu Mavɔmavɔ xwé ɔ́ gbe ǎ.",29.7,artefact
56073,e dín yì xwé,il est passé par ici pour aller à la maison,definition
56354,"Mɛ ɖé ma ba Mawu Mavɔmavɔ, Mawu Izlayɛ́li tɔn ɔ́ mɔ ǎ ɔ́, è nǎ hu mɛ ɔ́; é sixú nyí yɔkpɔ́vú abǐ mɛxó, súnnu abǐ nyɔ̌nu, è ɖǒ ná hu i.",15.13,artefact
56507,n'í nyí kplókpló,que ce soit pour la première et la dernière fois,definition
56572,"Hlobowámu yí hwɛ tɔn lɛ́ɛ gbe; énɛ́ ɔ́ wú wɛ Mawu Mavɔmavɔ jó xomɛ e é sin ɔ́ dó, bó sɔ́ sú kún tɔn dó bǐ ǎ. Nǔ e ɖo Judáa lɛ́ɛ bǐ ká nylá ǎ.",12.12,artefact
56735,"Ée axɔ́sú Jozafáti sɔ́ yě ɔ́, é ɖɔ nú yě ɖɔ: “Mi kpé nukún dó azɔ̌ mitɔn wú bó wa. Ɖó hwɛ e ná ɖɔ wɛ mi ɖe lɛ́ɛ ɔ́, gbɛtɔ́ nyíkɔ mɛ ná ɖɔ hwɛ dó wɛ mi ɖe ǎ, lo ɔ́, Mawu Mavɔmavɔ nyíkɔ mɛ ná ɖɔ hwɛ dó wɛ mi ɖe; é ná ɖo kpɔ́ xá mi hwenu e mi ná ɖo hwɛ ɖɔ wɛ é.",19.6,artefact
56814,"Hwenɛ́nu ɔ́, Ezekiyási bɛ́ azɔn ɖé bó ná kú. É ka sú xó ylɔ́ Mawu Mavɔmavɔ, bó xo ɖɛ. Bɔ Mawu Mavɔmavɔ bló nǔjíwǔ ɖokpó bó ná dó ɖe xlɛ́ ɛ ɖɔ azɔn tɔn ná gbɔ.",32.24,artefact
56819,E kì bàdĕ,Il a assemblé des côtes de palmier-raphia (pour une palissade ou le mur d’une case).,definition
57056,"Yě nɔ to ɔ́ mɛ fí, bó sá xwé nú we, bó ɖɔ:",20.8,artefact
57179,blŏ vayúù,un jeune garçon qui a des rapports sexuels avec une jeune fille et vice versa,definition
57331,"Ée yě wa azɔ̌ lɛ́ɛ fó ɔ́, mɛ e lɔmɛ è zě azɔ̌ ɔ́ dó lɛ́ɛ bɛ́ akwɛ́ e kpo ɔ́ wá nú axɔ́sú ɔ́ kpó Yexoyada kpó. Ée yě zě wá é ɔ́, axɔ́sú ɔ́ kpó Yexoyada kpó zé dó bló nǔ e è nɔ zán ɖo Mawu Mavɔmavɔ xwé gbe lɛ́ɛ ná: nǔ e è nɔ zán ɖo sinsɛn hwenu lɛ́ɛ, nǔ e è nɔ zán ɖo vɔ̌sísá hwenu lɛ́ɛ, kɔ́fu kpódó gannú kpó e è sɔ́ siká dó bló ná lɛ́ɛ, kpó ée è sɔ́ kpatágan dó bló ná lɛ́ɛ kpó. Bɔ hwenu e Yexoyada ɖo gbɛ ɔ́, è nɔ sá vɔ̌ e è nɔ dó zo ɔ́ ɖo Mawu Mavɔmavɔ xwé gbe hwɛhwɛ.",24.14,artefact
57475,Koklo gaɖa ku.,Le grand coq est mort. - La dispute a cessé.,definition
57475,Adɔn gbo kɔ.,Le grand coq est mort. - La dispute a cessé.,definition
57541,"Énɛ́ ɔ́, é xo ɖɛ bó ɖɔ: “Mawu Mavɔmavɔ, Mawu tɔ́gbó mǐtɔn lɛ́ɛ tɔn e, hwi wɛ ɖu axɔ́sú ɖo jǐnukúnsin. Hwi wɛ kpa acɛ dó axɔ́súɖuto e ɖo gbɛ ɔ́ mɛ lɛ́ɛ bǐ nu. Hwi wɛ ɖó acɛ bó kpé nǔ bǐ wú, bɔ mɛ ɖěbǔ nɔ sixú nɔ te ɖo nukɔn towe ǎ.",20.6,artefact
57591,kanɖe gban atɔɔn nukun ɖokpo,76,artefact
57626,kanwe atɔɔn nukun atɔn,88,artefact
57667,"Adǎn ká ɖo yě gbo wɛ káká bɔ yě lɛ́ kɔ wá Mawu Mavɔmavɔ, Mawu Izlayɛ́li tɔn ɔ́ gɔ́n; yě jɛ sinsɛn ɛ jí bɔ é zé éɖée xlɛ́ yě.",15.4,artefact
57670,"É lɛ́ mɛ tocɔ́kpe kɔn nyi gbětótló mɛ; é kun dotɔ gěgé, ɖó é ɖó kanlin gěgé ɖo tɔdo lɛ́ɛ mɛ bó ɖó ɖo ayǐkúngban wɛnjɛ lɛ́ɛ jí. É ɖó glesi lɛ́ɛ kpódó vǐwunglejíkpɔ́ntɔ́ lɛ́ɛ kpó, bɔ yě ɖo azɔ̌ wa n'i wɛ ɖo sókan lɛ́ɛ mɛ kpódó Kaamɛ́li gbé ɔ́ jí kpó, ɖó é yí wǎn nú gle.",26.10,artefact
57856,"Oziyási yi tɔ́n ahwan Filisitɛ́ɛn lɛ́ɛ, bó mu ahohó Gati tɔn, bó mu Yavunɛ́ tɔn, kpódó Acidɔ́di tɔn kpó. Énɛ́ ɔ́ gúdo ɔ́, é mɛ ahohó lɛ́ lɛ̌ dó toxo e gbɔn Acidɔ́di gbé jí lɛ́ɛ, bó lɛ́ mɛ lɛ́ lɛ̌ dó toxo e gbɔn Filisitɛ́ɛn lɛ́ɛ yíkúngban e kpo lɛ́ɛ jí.",26.6,artefact
57987,Kanwewo atɔɔn nukun εnε,99,artefact
58168,kanɖe fɔtɔn nukun ɛnɛ,59,artefact
58200,"Ée Zekaliya kú ɔ́, xwe e jɛ fínɛ́ ɔ́ mɛ ɔ́, ahwangɔnu Silíi tɔn ɔ́ wá tɔ́n ahwan axɔ́sú Joasi, bó byɔ́ axɔ́súɖuto Judáa tɔn ɔ́ kpó Jeluzalɛ́mu toxo ɔ́ kpó mɛ. Yě hu gǎn e ɖo toxo ɔ́ mɛ lɛ́ɛ bǐ, bó bɛ́ nǔ e yě mɔ lɛ́ɛ bǐ sɛ́ dó axɔ́sú Damási tɔn.",24.23,artefact
58315,É ɖè.,Ta mère est-elle à la maison ? - Elle y est. - Se porte-t-elle bien ? - Oui.,definition
58315,É ɖè,Ta mère est-elle à la maison ? - Elle y est. - Se porte-t-elle bien ? - Oui.,definition
58361,"Bɔ Cafáni zé wěma ɔ́ wá nú axɔ́sú ɔ́, bó lɛ́ ɖó lě e nǔ lɛ́ɛ yi gbɔn ɔ́ sín gbe n'i ɖɔ: “Mɛsɛntɔ́ mɛtɔn lɛ́ɛ wa nǔ e mɛ zɔ́n yě lɛ́ɛ bǐ.",34.16,artefact
58391,"Xwédo mitɔn lɛ́ɛ sín gbɛ̌ta ɖokpó ɖokpó ní nɔ Mawu xwé gbe, bó ná dó alɔ nɔví mitɔn Izlayɛ́li ví ɖě lɛ́ɛ gbɔn xwédo yětɔn yětɔn mɛ.",35.5,artefact
58407,"Ezekiyási jɛ dɔkun ɖésú, bó xɔ susu tawun. É ɖɔ bɔ è mɛ xɔ e mɛ é ná bɛ́ kpatágan dó lɛ́ɛ, éé mɛ é ná bɛ́ siká dó lɛ́ɛ, éé mɛ é ná bɛ́ awǐnnya xɔ akwɛ́ dó lɛ́ɛ, éé mɛ é ná bɛ́ nǔsáwǔ wǎnɖagbenɔ dó lɛ́ɛ, éé mɛ é ná bɛ́ gǎglónú kpódó nǔ xɔ akwɛ́ tɛnmɛ tɛnmɛ bǐ kpó dó lɛ́ɛ.",32.27,artefact
58654,E gbo lan ɖu,II a pris une partie de la viande et l'a mangée,definition
58833,gban atɔɔn nukun ɖokpo,36,artefact
58857,"Judáanu lɛ́ɛ bǐ ɖo te fínɛ́ ɖo Mawu Mavɔmavɔ xwé ɔ́ nukɔn, yě kpó asi yětɔn lɛ́ɛ kpó vǐ yětɔn lɛ́ɛ kpó.",20.13,artefact
58874,e húhwé,il se mêle de ce qui ne le regarde pas,definition
58988,un yì cyán nŭ,je suis allé chercher du bois pour un jumeau ou la mère d'un jumeau,definition
59276,"Ée nǔ énɛ́ lɛ́ɛ bǐ jɛ wá yi ɔ́, Mawu Mavɔmavɔ sɛ́ xomɛzɔn e ma ná gbɔ gbeɖé ǎ ɔ́ dó Yexolámu.",21.18,artefact
59334,Kanɖe afɔtɔn nukun atɔn,58,artefact
59404,kanɖe nukun ɖokpo,41,artefact
59431,"Ée Asa se mɔ̌ ɔ́, xomɛ sin i dó nǔmɔtɔ́ ɔ́ wú, bɔ é wlí i dó gan, ɖó xó e é ɖɔ ɔ́ vɛ́ n'i dín. É lɛ́ dó ya nú toví ɖé lɛ́ɛ.",16.10,artefact
59683,"É nyɔ́ wa ɔ́, Mawu e tɔ́ tɔn nɔ sɛn ɔ́ wɛ é xwedó bó wa nǔ e é zɔ́n lɛ́ɛ. Éyɛ́ wa nǔ lě e è nɔ bló gbɔn ɖo axɔ́súɖuto Totaligbé tɔn ɔ́ mɛ é ǎ.",17.4,artefact
59850,"Nǔ e má nyɔ́ Mawu Mavɔmavɔ, Mawu tɔn nukún mɛ ǎ lɛ́ɛ wɛ é wa, bó lɛ́ gbɛ́ ɖɔ émí kún ná sɔ́ émíɖée hwe ɖo gbeyíɖɔ Mawu tɔn Jelemíi e nɔ wá ɖɔ xó n'i ɖo Mawu Mavɔmavɔ nyǐkɔ mɛ é nukɔn ó.",36.12,artefact
59877,galí flú,du gari sec ou du gari mouillé avec de l'eau sans autre chose,definition
59920,Un sá heelú wè,Je rejette sur toi la responsabilité de ta mauvaise action.,definition
60079,"Nǔ ɖo mɔ̌ có, a wa nǔ ɖagbe gěgé, ɖó a dǒ vodún Acela e ɖo to towe mɛ lɛ́ɛ bǐ zo, lobo sɛn Mawu kpódó ayi towe bǐ kpó.”",19.3,artefact
60080,"È jɛ nǔ lɛ́ɛ kplé ɖó sonu sonu jí ɖo sun atɔngɔ́ ɔ́ mɛ, bó wá fó ɖo sun tɛ́nwegɔ́ ɔ́ mɛ.",31.7,artefact
60125,"É sɛ́ Levíi ví Cemayahu, Nɛtaniyahu, Zevadiyahu, Asaxɛli, Cemilamɔti, Yexonatáni, Adoniyahu, Toviyahu kpódó Tɔ́vu-Adoniya kpó dó, bɔ yě xwedó azaglɔ́gán lɛ́ɛ. É lɛ́ sɛ́ vɔ̌sánú-xwlémawutɔ́ Elicama kpódó Yexolámu kpó dó, bɔ yě xwedó yě.",17.8,artefact
60160,"Togun ɔ́ bǐ jɛ awǎ jɛ jí. Ée è hu Atalíi ɖo hɔnmɛ é ɔ́, to ɔ́ vo.",23.21,artefact
60223,Gban nukun ɖokpo,31,artefact
60282,"Mɔ̌ ɖokpó ɔ́, mɛ e gosín Izlayɛ́li bo wá ɖo Judáa lɛ́ɛ kpó Judáanu lɛ́ɛ kpó ná mǎɖówǒ nyibú yětɔn lɛ́ɛ tɔn kpó gbɔ̌ yětɔn lɛ́ɛ tɔn kpó, kpó nǔ mímɛ́ e è sɔ́ ɖó vo nú Mawu Mavɔmavɔ, Mawu tɔ́gbó yětɔn lɛ́ɛ tɔn é kpó; è kplé nǔ énɛ́ lɛ́ɛ ɖó sonu sonu bɔ yě sukpɔ́ ɖésú.",31.6,artefact
60307,Ahwangán ɖaxó ɖaxó e ɖo akɔta Bɛnjamɛ́ɛ tɔn mɛ lɛ́ɛ ɖíe: ahwanfuntɔ́ syɛ́nsyɛ́n Eliyada. É kpa acɛ dó ahwanfuntɔ́ adɔ̌kpo wǒ nu (200.000).,17.17,artefact
60531,"Énɛ́ ɔ́, Izlayɛ́li xɔ́sú ɔ́ ylɔ́ agooɖojǐe tɔn ɖokpó, bó ɖɔ n'i ɖɔ ní yi kplá Micée Yimula ví ɔ́ wá din tlóló.",18.8,artefact
60693,dŏ vὲ nú vodún,offrir la farine de maïs mélangée d'huile de palme à un vaudoun,definition
60780,Amasiyasi lɛ́ sɔ́ kpatágan tɔ́nu atɔn mɔ̌ dó da sɔ́ja syɛ́nsyɛ́n e ɖo axɔ́súɖuto taligbé tɔn mɛ lɛ́ɛ adɔ̌kpo atɔ́ɔ́n (100.000) dó mɛ ɖě lɛ́ɛ jí.,25.6,artefact
60896,Kanɖe gban nukun atɔɔn,75,artefact
60944,é sè amagbè,il a bonne connaissance du fá se dit pour un sorcier,definition
61063,syɔ́ lyŏ,passer la pâte de farine de maïs à la vapeur,definition
61121,e mɔ̀ kpɛ́ xò,elle est enceinte alors que son enfant a moins de deux ans,definition
61171,"Eŏ, un xwè Tɔlì","Tu vas à Savi ? - Non, je vais à Tori.",definition
61307,"Akwɛ́ e è hɛn wá Mawu Mavɔmavɔ xwé gbe ɔ́, hwenu e è nǎ ɖe tɔ́n sín gbǎ ɔ́ mɛ ɔ́, vɔ̌sánú-xwlémawutɔ́ Ilukya mɔ sɛ́n e Mawu Mavɔmavɔ dó gbɔn Mɔyízi jí ɔ́ sín wěma ɖo sinsɛnxɔ mɛ.",34.14,artefact
61377,"Énɛ́ ɔ́ wú wɛ hwenu e Babilɔ́nu sín azaglɔ́gán lɛ́ɛ sɛ́ mɛ dó Ezekiyási bónú é ná ɖɔ nǔjíwǔ e jɛ ɖo to ɔ́ mɛ ɔ́ sɛ́ dó yě ɔ́, Mawu jó e dó, bó ná kpɔ́n lě e é ná bló gbɔn é; é bló mɔ̌ bó ná dó dó é kpɔ́n, bó ná tunwun nǔ e ɖo ayi tɔn mɛ é bǐ.",32.31,artefact
61627,kanɖe ko nukun ɛnɛ,64,artefact
61696,"Cóbónú yě ká ná yi ɔ́, axɔ́sú Izlayɛ́li tɔn ɔ́ ɖɔ nú Jozafáti ɖɔ: “Nyɛ ɔ́, un ná húzú kan; un ná dó axɔ́súwu ce lɛ́ɛ ǎ; amɔ̌, hwɛ ɔ́, dǒ axɔ́súwu towe lɛ́ɛ.” Ée axɔ́sú Izlayɛ́li tɔn ɔ́ ɖɔ mɔ̌ ɔ́, é dó nǔ ɖěvo lɛ́ɛ, bɔ yě ɖidó ahwangbénu.",18.29,artefact
61795,Kanɖe nukun tεnwe,47,artefact
61831,jò linfín,secouer de l'igname ou du manioc pilés pour ramener à la surface les morceaux qu'il faudra piler à nouveau,definition
61894,"É wa nǔ e ma nyɔ́ Mawu Mavɔmavɔ nukún mɛ ǎ é, Akábu xwédo ɔ́ ɖɔhun. Ɖó ée tɔ́ tɔn kú ɔ́, Akábu mɛ lɛ́ɛ jɛ nǔ kplɔ́n ɛ jí, lobo dɔn ɛ bú ali.",22.4,artefact
61996,nukúnnukwín,mélange de grains de maïs et de haricots bouillis ensemble,definition
61996,jĭkplékplé,mélange de grains de maïs et de haricots bouillis ensemble,definition
62059,"Ée Asa kpó mɛ tɔn lɛ́ɛ kpó bló mɔ̌ ɔ́, yě wǎ yí toxo e ɖo Geláa kpá lɛ́ɛ bǐ, ɖó mɛ e ɖo toxo énɛ́ lɛ́ɛ mɛ lɛ́ɛ mɔ nǔ e Mawu Mavɔmavɔ dó sin lɛ́ɛ, bɔ xɛsi tɔn ɖo yě jí.",14.13,artefact
62060,kanwe wo,90,artefact
62177,Ko nukun ayizεn,26,artefact
62248,zăn bɔ̀,il commence à faire nuit le moment qui suit le crépuscule,definition
62308,gban atɔɔn nukun we,37,artefact
62436,"É yí toxo Judáa tɔn e è mɛ ahohó lɛ́ lɛ̌ dó lɛ́ɛ, bó wá káká Jeluzalɛ́mu.",12.4,artefact
62491,"Énɛ́ ɔ́ gúdo ɔ́, Jehu sɛ́ mɛ dó Akaziasi gbé mɛ bɔ yě mɔ ɛ wlí ɖo Samalíi fí e é hɔn hwlá cí é, bó kplá ɛ wá Jehu gɔ́n, bó hu i. È ka ɖi i, ɖó è mɔ ɖɔ axɔ́sú Jozafáti e sɛn Mawu Mavɔmavɔ kpó ayixa tɔn bǐ kpó ɔ́ sín vǐvú wɛ. Ée è hu i mɔ̌ ɔ́, mɛ ɖěbǔ sɔ́ kpo ɖo xwédo Akaziasi tɔn mɛ, bó sixú ɖu axɔ́sú ǎ.",22.9,artefact
62579,tέn kàn,fendre une tige flexible pour la préparer à assembler la charpente d'une paillote,definition
62680,E dɛ ma kú,"Il a enduré bien des choses, mais il n’en est pas mort.",definition
62703,"Amumɔ́ɔ ví lɛ́ɛ kpó Mɔwabunu lɛ́ɛ kpó byɔ́ Seyíi sókanmɛnu lɛ́ɛ mɛ, bó hu yě bǐ; mɛ ɖokpó kpo ǎ. Énɛ́ ɔ́ gúdo ɔ́, yě húzú kpan nukɔn yěɖée, bó jɛ yěɖée hu jí.",20.23,artefact
62754,"Ezekiyási vɔ́ vɔ̌sánú-xwlémawutɔ́ lɛ́ɛ kpó Levíi ví lɛ́ɛ kpó sín gbɛ̌ta lɛ́ɛ to, bó ná azɔ̌ mɛ ɖokpó ɖokpó ɖo gbɛ̌ta tɔn mɛ. Vɔ̌sánú-xwlémawutɔ́ lɛ́ɛ kpó Levíi ví lɛ́ɛ kpó ná nɔ kpé nukún dó vɔ̌ e è nɔ dó zo lɛ́ɛ kpó kɔnɖókpɔ́vɔ́ lɛ́ɛ kpó wú, bó ná nɔ kpé nukún dó sinsɛnxɔmɛzɔ́ lɛ́ɛ wú, bó ná nɔ́ kpé nukún dó hanjiji kpó susu kpa nú Mawu kpó wú, ɖo Mawu Mavɔmavɔ xwé gbe.",31.2,artefact
62785,kanɖe fɔtɔn nukun ɖokpo,56,artefact
62812,Kanɖe ko tantɔn,68,artefact
62821,E dà tú akpó,Il a tiré un coup de fusil et il a raté la cible.,definition
62859,É nyi gɛ̀n,Il a fait une poussée en avant de l’organe en érection.,definition
62949,Un dŏ wɔ̆ sìn,J'ai délayé de la farine dans l'eau pour préparer la pâte.,definition
63327,"Mɛ e axɔ́sú ɔ́ sɛ́ dó lɛ́ɛ yi gbɔn Izlayɛ́li to ɔ́ bǐ mɛ bó gbɔn Judáa to ɔ́ bǐ mɛ kpó wěma e axɔ́sú ɔ́ kpó azaglɔ́gán tɔn lɛ́ɛ kpó wlán lɛ́ɛ kpó. Bɔ yě xwedó gbeta e axɔ́sú ɔ́ ná yě ɔ́, bó ɖɔ: “Izlayɛ́li ví lɛ́ɛ mi, mi lɛ́ kɔ wá Mawu Mavɔmavɔ, Mawu Ablaxámu tɔn, Izáki tɔn kpó Izlayɛ́li tɔn ɔ́ kpó gɔ́n, bónú é ná lɛ́ kɔ wá mi mɛ e gán ɖo axɔ́sú Silíi tɔn ɔ́ sí lɛ́ɛ gɔ́n.",30.6,artefact
63365,E mɔ̀ kpɛ́ xò,Elle est enceinte alors que son enfant a moins de deux ans.,definition
63395,Akɔn wɛ un ɖè,"J’étais sur les genoux, j’étais tout petit, dans mon enfance.",definition
63488,Hlobowámu zán wá kú bɔ è sɔ́ ɛ ɖó Davídi Toxo mɛ bɔ vǐ tɔn Abiya ɖu axɔ́sú ɖó tɛn tɔn mɛ.,12.16,artefact
63632,Nabukodonɔzɔ́ɔ wlí mɛ e kpo ɖo gbɛ lɛ́ɛ yi Babilɔ́nu bɔ yě húzú kannumɔ nú é kpó vǐ tɔn lɛ́ɛ kpó káká wá jɛ hwenu e Pɛ́sinu lɛ́ɛ wá xɔ to é.,36.20,artefact
63652,"Levíi ví ɖě lɛ́ɛ ná hɛn ahwanfunnú yětɔn alɔ mɛ, bó ná lɛ́ lɛ̌ dó axɔ́sú ɔ́. Axɔ́sú ɔ́ sɛ afɔ ɔ́, yě lɔ ná nɔ́ sɛ. Mɛ ɖěbǔ byɔ́ xwé ɔ́ gbe ɔ́, è nǎ hu i.”",23.7,artefact
63679,"È wlǎn Joasi ví lɛ́ɛ sín nyǐkɔ, bó wlán xó tobutóbú e Mawu ɖɔ dó Joasi wú gbɔn gbeyíɖɔ tɔn lɛ́ɛ jí é kpódó lě e è blǒ Mawu xwé ɔ́ ɖó gbɔn ɔ́ kpó dó wěma e è nɔ ylɔ́ ɖɔ Nǔtínmɛwéma axɔ́sú lɛ́ɛ tɔn é mɛ. Vǐ tɔn Amasiyasi wɛ ɖu axɔ́sú ɖó tɛn tɔn mɛ.",24.27,artefact
63702,"Nabukodonɔzɔ́ɔ bɛ́ nǔ tɛnmɛ tɛnmɛ ɖo Mawu Mavɔmavɔ xwé gbe yi Babilɔ́nu, bó bɛ́ yě ɖó hɔnmɛ, xwé tɔn gbe ɖo Babilɔ́nu.",36.7,artefact
63719,afatɔɔn ele atɔn,1003,artefact
63773,"Ée Jozafáti se mɔ̌ ɔ́, ado hu i, bɔ é ɖɔ émí ná kan nǔ byɔ́ Mawu Mavɔmavɔ. Énɛ́ ɔ́, é ɖɔ bɔ mɛ bǐ ná blá nu gbɔn axɔ́súɖuto Judáa tɔn ɔ́ bǐ mɛ.",20.3,artefact
63778,Kanɖe afɔtɔn,55,artefact
63797,godónú lε kpé,petit pagne cache sexe que l'on attache par devant pour aller au champ,definition
63827,"É sá vɔ̌ nú vodún e ɖo Damási lɛ́ɛ, có vodún énɛ́ lɛ́ɛ wɛ zɔ́n bɔ é jɛ ayǐ ɖo kɛntɔ́ tɔn lɛ́ɛ nukɔn. É bló mɔ̌ ɖó é nɔ́ ɖɔ: “Silíi xɔ́sú lɛ́ɛ ɔ́, vodún yětɔn lɛ́ɛ wɛ wá gɔ́ alɔ nú yě; nyi lɔmɔ̌ ɔ́, un ná sá vɔ̌ nú yě, bɔ yě ná gɔ́ alɔ nú nyɛ ɖésú.” Vodún énɛ́ lɛ́ɛ wɛ ká wa nǔ xá é kpódó Izlayɛ́li togun ɔ́ bǐ kpó.",28.23,artefact
63977,Ko nukun tantɔn,28,artefact
64228,Wásí wásí óó !,"Acclamation répétée couramment par les femmes pour encourager, remercier ou honorer quelqu’un, ou simplement pour manifester leur joie. C’est probablement un emprunt car elle courante dans plusieurs langues de la région.",definition
64258,E byɔ azIln Davɔ.,On a demandé de l'arachide à Davo. - Tu en trouveras à décortiquer.,definition
64258,A na mɔ tɔn.,On a demandé de l'arachide à Davo. - Tu en trouveras à décortiquer.,definition
64310,"Sidikíyahu Kenáana ví ɔ́ zé gan dó tun lanzo ná, bó ɖɔ: “Mawu Mavɔmavɔ ɖɔ: ‘Lanzo we élɔ́ lɛ́ɛ ná nyí hlɔ̌nhlɔ́n e a nǎ dó gba Silíinu lɛ́ɛ é sín xlɛ̌.’ ”",18.10,artefact
64516,"Énɛ́ ɔ́, axɔ́sú ɔ́ ɖe gbe ɖɔ è nǐ bló gbǎ ɖokpó, bó zé ɖó Mawu Mavɔmavɔ xwé ɔ́ sín hɔntogbó kpá ɖo kɔ́xo.",24.8,artefact
64618,un yì cyán nùywɛ́ywɛ́,je suis allé chercher du bois pour un jumeau ou la mère d'un jumeau,definition
64656,"Ée Zekaliya ɖɔ mɔ̌ ɔ́, yě blá sé ta tɔn, bɔ axɔ́sú ɔ́ ná gbe lobɔ yě nyi awǐnnyaglo dó hu i sɔ́ nyi kɔ́xota ɖo Mawu Mavɔmavɔ xwé ɔ́ gbe.",24.21,artefact
64730,É nɔ́ dó sù,Il est exigeant (en refusant telle nourriture qui ne lui plaît pas).,definition
64774,"Ezekiyási kpó azaglɔ́gán tɔn lɛ́ɛ kpó wá kpɔ́n nǔ e mɛ lɛ́ɛ hɛn wá lɛ́ɛ, bó dó kú nú Mawu Mavɔmavɔ kpó togun tɔn Izlayɛ́li ɔ́ kpó.",31.8,artefact
64868,"Axɔ́sú Hlobowámu zé ganvɔ dó bló gǎglónú ná ɖó tɛn yětɔn mɛ, bó bɛ́ d'alɔ mɛ nú sɔ́jagán e nɔ cɔ́ hɔnmɛ sín hɔntogbó lɛ́ɛ é.",12.10,artefact
64921,lă yovózε̆n,découper dans l'orange la petite calotte qui permettra de la sucer,definition
64972,Zòsú et Zŏsì,Garçon et fille nés pendant la petite saison des pluies,definition
64983,wɔ̆ fín,de la pâte préparée la veille et non encore réchauffée,definition
65120,Kanweko nukun ɖokpo,101,artefact
65187,"Gbɛtɔ́ wɔ̌buwɔ́bú ɖé kplé ɖo Jeluzalɛ́mu ɖo sun wegɔ́ ɔ́ mɛ, bó ná ɖu wɔ̌xúxú e mɛ è ma dó tɔ́n ǎ é sín xwe ɔ́. Yě mɛ e wá kplé lɛ́ɛ sukpɔ́ ɖésú.",30.13,artefact
65210,bó ɖù nǔ,eh bien mange si elle est intime elle peut accepter l'offre,definition
65358,"Amasiyasi kplé súnnu e ɖo axɔ́súɖuto tɔn mɛ lɛ́ɛ, Judáanu kpó Bɛnjamɛ́ɛnu kpó, bó kpɔ́n hɛ̌nnu lɛ́ɛ mɛ, bó ɖe sɔ́ja afatɔ́ngán lɛ́ɛ kpó kanwekogán lɛ́ɛ kpó. È xa súnnu e sín xwe bɛ́ sín ko lɛ́ɛ bǐ, bó xa yě dó adɔ̌kpo afɔtɔn (300.000). Yě bǐ ko su ahwan yi bo nyɔ́ hwǎn kpó gǎglónú kpó zán.",25.5,artefact
65578,"Etiopíinu lɛ́ɛ kpódó Libíinu lɛ́ɛ kpó kplé, bó nyí ahwangɔnu ɖaxó ɖokpó, bó hɛn kɛkɛ́ví kpó sɔ́xátɔ́ kpó kɔn nyi kpɔ́ gégé. Ée a ká gán jɛ Mawu Mavɔmavɔ wú hwe énɛ́ ɔ́ nu ɔ́, Mawu Mavɔmavɔ jó yě nú we ǎ cé?",16.8,artefact
65597,Un ɖo ahanta lε,"J'ai du whisky, du gin ou du jus d'orange, pas de champagne !",definition
65801,Oziyási nɔ wa nǔ e nyɔ́ Mawu Mavɔmavɔ nukún mɛ é tɔ́ tɔn Amasiyasi ɖɔhun.,26.4,artefact
65890,Yě ɖo Mawu Jeluzalɛ́mu tɔn ɔ́ xó ɖɔ wɛ nǔmɛsɛn ɖé kpowun xó ɖɔ wɛ yě ɖe ɖɔhun; nǔmɛsɛn akɔta ɖě lɛ́ɛ tɔn e è sɔ́ alɔ dó bló ná lɛ́ɛ ɖɔhun.,32.19,artefact
66010,"Mawu gɔ́ alɔ n'i ɖo ahwan e é fun xá Filisitɛ́ɛn lɛ́ɛ, ée é fun xá Alabíinu Gǔu-Baalunu lɛ́ɛ kpó ée é fun xá Mɛwun lɛ́ɛ kpó é mɛ.",26.7,artefact
66141,"Axɔ́sú Babilɔ́nu tɔn Nabukodonɔzɔ́ɔ tɔ́n ahwan Yoyakímu, bó wlí i lobo blá ɛ kpó ganvɔwlɔ kpó, bó kplá ɛ yi Babilɔ́nu.",36.6,artefact
66242,"Nú axɔ́sú ɔ́ xwe Mawu Mavɔmavɔ xwé hweɖěbǔnu ɔ́, sɔ́ja lɛ́ɛ nɔ́ bɛ́ gǎglónú lɛ́ɛ, bó nɔ́ xwedó e. É ka lɛ́ kɔ wá yi ɔ́, yě nɔ́ bɛ́ yě wá ɖó xɔ yětɔn mɛ.",12.11,artefact
66318,kanɖe fɔtɔn nukun atɔn,58,artefact
66420,xomɛ sin we à,tu es en colère - oui je suis très en colère contre toi,definition
66616,"bɔ Nɛko sɛ́ mɛ dó e ɖɔ yě ní yi ɖɔ n'i ɖɔ: “Judáa xɔ́sú, ani wɛ ɖo hwi kpó nyɛ kpó tɛ́ntin? Un má tɔ́n gbě towe égbé nɛ́. Kɛntɔ́ ce kpó nyɛ kpó wɛ ɖo ahwan fun wɛ, bɔ un tɔ́n gbě tɔn, bɔ Mawu ɖɔ nú mì ɖɔ nyɛ ní yá wǔ. Ma fɔ́n gǔ dó Mawu e ɖo kpɔ́ xá mì ɔ́ jí ó, é táá vívá kún nú we.”",35.21,artefact
66630,Wùtú cé lí,Mon corps porte en relief la trace de coups de fouet.,definition
66632,"Énɛ́ ɔ́ gúdo ɔ́, axɔ́sú ɔ́ ɖó tɛnmɛ nú Levíi ví lɛ́ɛ ɖó Mawu Mavɔmavɔ xwé gbe. Yě hɛn agǐdigbo bó hɛn kanhún bó hɛn kpɛn lě e Davídi kpó Gadi nǔmɔtɔ́ axɔ́sú ɔ́ tɔn ɔ́ kpódó Natáan gbeyíɖɔ Mawu tɔn ɔ́ kpó kó ná gbe tɔn gbɔn é. Ɖó Mawu Mavɔmavɔ wɛ ko ɖɔ mɔ̌ gbɔn gbeyíɖɔ tɔn lɛ́ɛ jí.",29.25,artefact
66707,Ezekiyási wá kan nǔ byɔ́ vɔ̌sánú-xwlémawutɔ́ lɛ́ɛ kpó Levíi ví lɛ́ɛ kpó dó nǔ e è kplé ɖó sonu sonu lɛ́ɛ wú.,31.9,artefact
67217,"Nǔ e kpo bɔ Ezekiyási wa lɛ́ɛ kpó azɔ̌ tɔn e ɖe lě e é nɔ́ wa nǔ dó sɛ́nxwi jí gbɔn ɔ́ xlɛ́ lɛ́ɛ kpó ɔ́, è wlǎn dó nǔ e gbeyíɖɔ Mawu tɔn Ezayíi Amɔ̌si ví ɔ́ mɔ ɔ́ sín Tan wéma mɛ, bó wlán dó axɔ́sú Judáa tɔn lɛ́ɛ kpó Izlayɛ́li tɔn lɛ́ɛ kpó sín Tan wéma mɛ.",32.32,artefact
67244,ɖyɔ̆ kú,empêcher la mort de venir en lui donnant ce qu'elle veut,definition
67244,xɛ́ kú,empêcher la mort de venir en lui donnant ce qu'elle veut,definition
67299,"Levíi ví e ɖo Kexáti ví lɛ́ɛ kpó Kolée ví lɛ́ɛ kpó mɛ lɛ́ɛ sí te, bó sú xó, bó kpa susu nú Mawu Mavɔmavɔ, Mawu Izlayɛ́li tɔn ɔ́ kpó awǒbóbó kpó.",20.19,artefact
67359,dèmá ɔ́ jò,la feuille de palmier est effeuillée il ne reste que la fibre,definition
67366,"Lo ɔ́, Joziyási lɛ́ kɔ sín gǔdo tɔn ǎ. É ɖótó xó e Nɛko ɖɔ lɛ́ɛ ǎ, bó húzú kan bo ná tɔ́n ahwan ɛ, có xó e axɔ́sú Nɛko ɖɔ lɛ́ɛ ɔ́, Mawu gɔ́n wɛ yě gosín. Joziyási ɖidó ayǐkúngban wɛnjɛ Mɛgido tɔn ɔ́ jí bó ná fun ahwan.",35.22,artefact
67372,"Énɛ́ ɔ́, axɔ́sú Yolámu lɛ́ kɔ yi Izleyɛ́li bó ná kpé nukún dó wǔ e è gblě ɔ́ wú. Judáa xɔ́sú Akaziasi yi kpɔ́n Yolámu Akábu ví ɔ́, ɖo Izleyɛ́li, ɖó é ɖo wǔvɛ́ mɔ wɛ.",22.6,artefact
67386,Kanɖe ko tεnnε,69,artefact
67427,"Din ɔ́, un jló ná jɛ akɔ xá Mawu Mavɔmavɔ, Mawu Izlayɛ́li tɔn ɔ́, bónú xomɛ tɔn ná fá dó mǐ wǔ.",29.10,artefact
67550,"Ée yě se mɔ̌ ɔ́, axɔ́sú ɔ́ kpó gǎn lɛ́ɛ kpó yí hwɛ yětɔn lɛ́ɛ gbe, bó ɖɔ: “Mawu Mavɔmavɔ sín hwɛ jɔ.”",12.6,artefact
67554,"Énɛ́ ɔ́, xó e Mawu Mavɔmavɔ ɖɔ gbɔn gbeyíɖɔ Jelemíi nu mɛ ɔ́ jɛ; é ɖɔ: “È nǎ jó to ɔ́ dó xɔ xwe kanɖé gban (70), ɖó gbɔjɛ́ e é ɖó ná gbɔjɛ́ lě e sɛ́n ɔ́ ɖɔ gbɔn, bɔ é má ká gbɔjɛ́ ǎ ɔ́ sín tɛnmɛ.”",36.21,artefact
67558,"Xwe koatɔ́n (25) wɛ Yoyakímu ɖó bó yi zinkpo jí ɖo Jeluzalɛ́mu, bó ɖu axɔ́sú nú xwe wǒ-ɖokpó. Nǔ e ma nyɔ́ Mawu Mavɔmavɔ, Mawu tɔn nukún mɛ ǎ lɛ́ɛ wɛ é wa.",36.5,artefact
67562,fɔ́n hùn,faire la cérémonie rituelle de début d'initiation où le novice subit une mort symbolique ainsi qu'une résurrection symbolique,definition
67612,vɔ̆ dà,perdre sa force pour un alcool ou pour tout objet à ressort,definition
67615,E fyan mi,"Cela m'a surpris, cela m'a pris de court, je ne m'y attendais pas",definition
67679,Kanɖe nukun atɔɔn,45,artefact
67698,kú sù,s'occuper exclusivement de ses propres affaires et négliger celles d'autrui,definition
67727,Micée ka xwlé Mawu n'i ɖɔ: “Mawu Mavɔmavɔ ɖo gbɛ! Nǔ e Mawu ce ɖɔ nyɛ ní ɖɔ ɔ́ wɛ un ná ɖɔ.”,18.13,artefact
67806,Gbɔ voci wɛ.,On a flambé un cabri pour le roi de Tori et tous les viscères ont disparu. - C'était un mouton différent.,definition
67856,"É mu vɔ̌sákpe lɛ́ɛ bó já vodún Acela lɛ́ɛ kpódó bǒcyɔ tɛnmɛ tɛnmɛ lɛ́ɛ kpó, bó li bǐ, bó gba zǎlínkpɔ́nfyɔ́nú lɛ́ɛ gbɔn Izlayɛ́li to ɔ́ bǐ mɛ. Énɛ́ ɔ́ gúdo ɔ́, é lɛ́ kɔ yi Jeluzalɛ́mu.",34.7,artefact
67961,A gbɛ́ à ?,"Tu refuses ? - Oui, je refuse. - Oh Pardon !",definition
67961,"Ɛɛn, un gbɛ́.","Tu refuses ? - Oui, je refuse. - Oh Pardon !",definition
67961,Àwò ! Kɛnklɛ́n !,"Tu refuses ? - Oui, je refuse. - Oh Pardon !",definition
68006,"Ée Amasiyasi ɖu ɖo Edɔ́munu lɛ́ɛ jí, bó lɛ́ kɔ wá xwé ɔ́, é bɛ́ vodún Edɔ́mu tɔn lɛ́ɛ wá xwé, bó sɔ́ yě dó ɖó vodún tɔn, bó nɔ́ sɛn, lobo nɔ dó zǎlínkpɔ́n zo nú yě.",25.14,artefact
68007,"Un sɔ́ ná kplá Izlayɛ́li ví lɛ́ɛ sín to e un sɔ́ nú tɔ́gbó yětɔn lɛ́ɛ é mɛ ǎ. Yě ní vɛ́ kó bló nǔ e un zɔ́n lɛ́ɛ bǐ, bó nyi sɛ́n e un dó gbɔn Mɔyízi jí lɛ́ɛ bǐ.”",33.8,artefact
68084,vì ɔ́ fùn bĭ,cet enfant est complètement perdu il ne veut rien faire,definition
68199,E dà tu gbɔ,Il a tiré un coup de fusil et il a raté la cible,definition
68209,"Ezekiyási ná glǎglá éɖée; fí e ahohó lɛ́ɛ mu gbɔn ɔ́, é vɔ́ blóɖó; é mɛ kpe e jí è nɔ nɔ bo nɔ cɔ́ toxo ɔ́ lɛ́ɛ d'é nu; énɛ́ ɔ́ gúdo ɔ́, é mɛ ahohó ɖěvo gbɔn toxo ɔ́ gúdo; é bló Milo ɔ́ ɖó, ɖo Davídi Toxo ɔ́ mɛ. É tun ahwanfunnú kpó gǎglónú kpó kɔn nyi kpɔ́.",32.5,artefact
68268,"Bɔ nǔgbó din ɔ́, Mawu Mavɔmavɔ sɔ́ yɛ adingbannɔ dó gbeyíɖɔ towe e ɖo fínɛ́ lɛ́ɛ bǐ sín nu mɛ. Amɔ̌, nú è nǎ ɖɔ nǔgbó ɔ́, awě sɛ́ dó we wɛ Mawu Mavɔmavɔ ɖe.”",18.22,artefact
68370,dɛ̆dɛ̆ gì nɔ́ bí,peu à peu l'akassa est cuit petit à petit l'oiseau fait son nid,definition
68384,kanɖe ko atɔɔn nukun ɖokpo,66,artefact
68386,É ɖè axi kpɔcɔnu,Il marchande en cherchant à obtenir le produit à vil prix.,definition
68393,"Axɔ́sú Asa tlɛ lɛ́ yí nyɔ̌nu ɖaxó sín acɛ e tɔ́ tɔn nɔ Maaka ɖó ɔ́ sín así tɔn, ɖó é kpa vodún Acela sín bǒcyɔ bó nɔ́ sɛn. Asa gba bǒcyɔ tɔ́ tɔn sín nɔ ɔ́ tɔn hánnyá, bó dó zo ɖo tɔsisa Sedlɔ́n tɔn tó.",15.16,artefact
68485,Agɔ̀sú et Agɔ̀sí,Garçon ou fille se présentant par les pieds ou le siège à la naissance,definition
68615,kanɖe wɛnɛ,54,artefact
68788,É nyí vɔ̌ tobutóbú e è dó zo lɛ́ɛ kpó vɛ̌ɛn e jɛ jí lɛ́ɛ kpó kɛ́ɖɛ́ wɛ yě zě yi vɔ̌sákpe ɔ́ jí ǎ; yě lɛ́ zé kanlin e è dǒ sá kɔnɖókpɔ́ vɔ́ ná lɛ́ɛ sín jǒ yi vɔ̌sákpe ɔ́ jí. Lě e Ezekiyási lɛ́ vɔ́ Mawu sinsɛn ɖó ayǐ gbɔn ɖo Mawu Mavɔmavɔ xwé gbe ɔ́ nɛ́.,29.35,artefact
68830,"Yě kplé nɔví yětɔn lɛ́ɛ, bɔ ée yě slá wǔ nú yěɖée fó ɔ́, yě wǎ wǔ slá nú Mawu Mavɔmavɔ xwé ɔ́ gbe lě e axɔ́sú ɔ́ ɖɔ gbɔn bɔ é sɔgbe xá jlǒ Mawu Mavɔmavɔ tɔn é.",29.15,artefact
68879,Mi tunwun nǔ e nyɛ kpó tɔ́gbó ce lɛ́ɛ kpó wa xá togun e ɖo to ɖě lɛ́ɛ mɛ lɛ́ɛ bǐ é ǎ cé? Nǔmɛsɛn akɔta to énɛ́ lɛ́ɛ tɔn lɛ́ɛ kpé wú bó hwlɛ́n to yětɔn lɛ́ɛ ɖo así ce a?,32.13,artefact
68933,kú d'é wú,salut pour ce que tu es en train de faire,definition
68940,Ko nukun tεnwe,27,artefact
68963,tún azɔ̀,renvoyer la fumée (pour un fumeur ou un voiture ),definition
69082,"Ée yě ɖɔ mɔ̌ ɔ́, sɔ́ja lɛ́ɛ jó kannumɔ lɛ́ɛ kpódó dɔkun e yě bɛ́ sín ahwangbénu lɛ́ɛ kpó dó nyi gǎn lɛ́ɛ kpó agun ɔ́ bǐ kpó nukɔn.",28.14,artefact
69141,zùn hɛ̆n,insulter en dévoilant les tares cachées de la famille de quelqu'un,definition
69180,"Levíi ví Kɔlée Yimuna ví e nɔ́ nɔ hɔn e ɖo zǎnzǎnhwe jí ɔ́ jí ɔ́ wɛ è sɔ́ ɖó nǔ e mɛ ɖésúnɔ jló bó ná ná Mawu lɛ́ɛ nu, bɔ é nɔ́ má nǔ e è jɔ nú Mawu Mavɔmavɔ lɛ́ɛ kpó nǔ mímɛ́ titewungbe lɛ́ɛ kpó.",31.14,artefact
69303,kanɖe gban nukun we,72,artefact
69347,"Togun ɖě nɔ́ ɖo dǎka xo ɖě ɔ́ wú wɛ, bɔ toxo ɖě nɔ́ sí te dó ɖě jí, ɖó Mawu sɔ́ nǔgbomɛ tɛnmɛ tɛnmɛ lɛ́ɛ dó ɖo cɔcɔ dó nú yě wɛ.",15.6,artefact
69473,"È sɔ́ mɛ ɖé sín kɛ́n ɔ́, è nɔ sɔ́ mɛ tɔn lɛ́ɛ bǐ sín kɛ́n: asi tɔn, vǐ tɔn súnnu, vǐ tɔn nyɔ̌nu kpó mɛ e va dó wǔ tɔn, bó hɛn ɔ́, yě ná ɖu nǔ mímɛ́ lɛ́ɛ bǐ kpó. Wǔ wɛ yě ká to nɔ slá hwɛ̌ cóbɔ è nɔ sɔ́ kɛ́n yětɔn.",31.18,artefact
69649,kplá así ta,joindre les mains sur la tête en signe de deuil,definition
69661,Un yì cyán nŭ,Je suis allé chercher du bois (Pour un jumeau ou la mère d'un jumeau).,definition
69793,"Asa ylɔ́ Mawu Mavɔmavɔ, Mawu tɔn bó ɖɔ: “Mawu Mavɔmavɔ, mɛ e ɖó gǎn lɛ́ɛ kpódó mɛ e ma ɖó gǎn ǎ lɛ́ɛ kpó ná hwlɛ́n gán ɔ́ nyí nǔ ɖěbǔ nú we ǎ. Wǎ gɔ́ alɔ nú mǐ, Mawu Mavɔmavɔ, Mawu mǐtɔn! Ɖó hwi wú wɛ mǐ gǎn jɛ, nyǐkɔ towe mɛ wɛ mǐ wǎ kpé ahwan xá ahwan wɔ̌buwɔ́bú élɔ́ ɖe. Mawu Mavɔmavɔ, Mawu mǐtɔn wɛ a nyǐ. Ní má nyí ɖɔ gbɛtɔ́ wɛ ná ɖu ɖo jǐ towe ó!”",14.11,artefact
69871,"Axɔ́sú Asa sín tan ɔ́, è wlǎn sín fí e é bɛ́ sín ɔ́ káká yi fí e é fó dó ɔ́, dó axɔ́sú Judáa tɔn lɛ́ɛ kpódó Izlayɛ́li tɔn lɛ́ɛ kpó sín Tan wéma mɛ.",16.11,artefact
69912,"Jozafáti kpó mɛ tɔn lɛ́ɛ kpó yi bɛ́ nǔ yětɔn lɛ́ɛ. Yě mɔ kanlin, dɔkun, awu kpó nǔ xɔ akwɛ́ tɛnmɛ tɛnmɛ lɛ́ɛ kpó kpɔ́ gégé. Nǔ lɛ́ɛ sukpɔ́, bɔ yě ɖo bǐbɛ́ wɛ káká nú azǎn atɔn, cóbɔ é lɛ́ kpo.",20.25,artefact
69936,Un ɖo ahanta lε,"J'ai du whisky, du gin ou du jus d'orange, pas de champagne ! :",definition
69973,ali ma nyi ɖokpo,il n'y a pas qu'une seule voie dans la vie,definition
70005,É bɛ́ afɔkɔ́ tɔ̀n,Il a ramassé le sable de son empreinte (afin d’en faire un bŏ pour pouvoir lui nuire).,definition
70006,xúxú gbèhàn,secouer des touffes d'herbes pour en faire tomber la terre,definition
70017,"Ée Asa yi zinkpo jí ɔ́, mɛ ɖěbǔ fun ahwan xá ɛ ǎ, ɖó Mawu Mavɔmavɔ ɖésú wɛ ná ɛ vivo. Ée é mɔ ɖɔ vivo ɖo to ɔ́ mɛ é ɔ́, é mɛ ahohó lɛ́ lɛ̌ dó toxo gěgé.",14.6,artefact
70066,"É ɖó toxo ɖaxó gěgé ayǐ gbɔn sókan Judáa tɔn ɔ́ mɛ, bó sá xwé ɖé lɛ́ɛ, bó mɛ ahohó lɛ́ lɛ̌ dó, bó lɛ́ bló mɛcɔ́tɔ́xɔ ɖé lɛ́ɛ gbɔn atínkan ɖé lɛ́ɛ mɛ.",27.4,artefact
70086,"Hwenɛ́nu ɔ́, yɛ ɖokpó wá Mawu Mavɔmavɔ nukɔn, bó ɖɔ: ‘Nyɛ ná yi blɛ́ ɛ.’",18.20,artefact
70205,"Akpá énɛ́ ɔ́ e yě dó ɔ́ víví nú Judáanu lɛ́ɛ bǐ, ɖó yě dó akpá ɔ́ kpódó ayixa yětɔn bǐ kpó. Yě mɛ bǐ nɔ́ sɛn Mawu Mavɔmavɔ kpó jlǒ yě ɖésúnɔ tɔn kpó, bɔ Mawu Mavɔmavɔ zé éɖée xlɛ́ yě, bó ná ayij'ayǐ yě gbɔn ɖisí amyɔ.",15.15,artefact
70301,Davídi da Mikali,18.17,artefact
70322,kɔ̀ kú mì,le cou me fait mal après avoir porté une charge,definition
70331,Agbákò vĭ è,"Tu déraisonnes ! (interjection marquant la surprise amusée, employée presque exclusivement par les femmes).",definition
70353,kpέjítɔ́,nom donné à la mère d’un enfant encore au sein,definition
70353,kpέdóvínɔ̀,nom donné à la mère d’un enfant encore au sein,definition
70353,kpέdóvúnɔ̀,nom donné à la mère d’un enfant encore au sein,definition
70399,"xó e un ɖɔ nú we ɔ́ xo ayi towe zlɛ́, a sɔ́ hwiɖée hwe ɖo Mawu nukɔn hwenu e a se xó e é ɖɔ dó Jeluzalɛ́mu kpó Jeluzalɛ́munu lɛ́ɛ kpó wú é, a sɔ́ hwiɖée hwe ɖo nukɔn ce, bó vún awu dó kɔ nú hwiɖée, bó ya avǐ ɖo nukɔn ce; énɛ́ wú ɔ́, nyi lɔ un se xó towe;",34.27,artefact
70435,Azɔn gbɛ sin,"La maladie est devenue sérieuse, il va mourir (il ne peut plus boire)",definition
70436,E ɖe,Ton père est à la maison ? - Il y est.,definition
70442,"Mawu Mavɔmavɔ,","Nous en avons entendu parler à Ephrata, nous l’avons trouvé au pays de Yaar...",definition
70607,xwè nyɔ̀,marquer la désapprobation par un certain bruit de la mâchoire claquer la langue en signe de désapprobation ou d'ennui,definition
70681,kanɖe atɔɔn,45,artefact
70744,"Bŏsì, Bŏjɔ̀",Fille née avec le cordon ombilical autour du cou et des mains,definition
70761,"Yotámu fun ahwan xá Amumɔ́ɔ xɔ́sú ɔ́, bó ɖu ɖ'é jí. Xwe énɛ́ ɔ́ xwe ɔ́, Amumɔ́ɔ ví lɛ́ɛ ná nǔjɔ axɔ́sú ɔ́. Yě ná kpatágan tɔ́nu atɔn, blěe tɔ́nu afɔwó-afatɔ́n (3.000) kpódó ɔ́ji tɔ́nu afɔwó-afatɔ́n (3.000) kpó. Mɔ̌ wɛ yě lɛ́ ná ɛ xwe wegɔ́ ɔ́ mɛ, bó ná ɛ xwe atɔngɔ́ ɔ́ mɛ.",27.5,artefact
70772,Ajɔ̀ ná ɖi sà,La marchandise s'écoulera (en guise de merci pour le supplément).,definition
70988,"Yɔdo e é kun ɖ'ayǐ nú é ɖésúnɔ ɖo Davídi Toxo mɛ ɔ́ mɛ wɛ è sɔ́ ɛ ɖó. È sɔ́ cyɔ tɔn mlɔ́ kpe ɖé jí ɖo yɔdo ɔ́ mɛ, bó kplé nǔsáwǔ wǎnɖagbenɔ ɖó fí ɔ́; lě e nǔsáwǔ wǎnɖagbenɔ ɖa tɔ́ lɛ́ɛ nɔ ɖa gbɔn ɔ́ wɛ è ɖa gbɔn, bó dó gěgé zo dó wlí yɛ̌yi n'i.",16.14,artefact
71183,"Axɔ́sú Izlayɛ́li tɔn ɔ́ kplé gbeyíɖɔ tɔn afɔwe (400) lɛ́ɛ bó kanbyɔ́ yě ɖɔ: “Mǐ ní yi tɔ́n ahwan Hlamɔti toxo ɔ́ ɖo Galadi yíkúngban jí a, abǐ má gbɔ?” Bɔ yě yí gbe n'i ɖɔ: “Yi! Mawu ná jó toxo ɔ́ nú we.”",18.5,artefact
71274,E slɛ́ vì lɛ́,Il a mis les enfants les uns derrière les autres.,definition
71318,"É sá vodún xwé gbɔn toxo e ɖo axɔ́súɖuto tɔn mɛ lɛ́ɛ ɖokpó ɖokpó mɛ, bó nɔ́ dó zǎlínkpɔ́n zo nú vodún lɛ́ɛ. Nǔ énɛ́ e é wa ɔ́ sin xomɛ nú Mawu Mavɔmavɔ, Mawu tɔ́gbó tɔn lɛ́ɛ tɔn ɔ́.",28.25,artefact
71350,"Yexolámu ɖó nɔví súnnu gěgé; yě bǐ wɛ nyí axɔ́sú Jozafáti ví. Yě wɛ nyí Azalya, Yexiyɛ́li, Zekaliyahu, Azalyahu, Mikaɛli kpódó Cefátiyahu kpó.",21.2,artefact
71359,Ko nukun εnε,24,artefact
71373,Wùtú cé lí,Mon corps porte en relief la trace de piqûres d’insectes.,definition
71619,Avɔ élɔ́ gɔ̀,Ce pagne est sale au point qu’on ne pourra plus redonner sa couleur primitive.,definition
71632,"Mawu sɔ́ ayi ɖokpó ɔ́ dó xomɛ nú mɛ e ɖo Judáa lɛ́ɛ lɔmɔ̌ bónú gbeta e axɔ́sú ɔ́ kpó azaglɔ́gán tɔn lɛ́ɛ kpó ɖe tɔn ɔ́, yě ná bló ɖ'é jí lě e Mawu Mavɔmavɔ ɖɔ gbɔn é.",30.12,artefact
71644,"É ɖɔ nú Jeluzalɛ́munu lɛ́ɛ bǐ ɖɔ yě ní ná nǔ e nyí vɔ̌sánú-xwlémawutɔ́ lɛ́ɛ kpó Levíi ví lɛ́ɛ kpó tɔn lɛ́ɛ yě, bónú yě ná sixú kpé nukún dó azɔ̌ e Mawu Mavɔmavɔ sín sɛ́n ɔ́ zɔ́n yě lɛ́ɛ wú bó wa ganjí.",31.4,artefact
71692,"Kɔnaniahu kpó nɔví tɔn Cemayahu kpó, kpódó Nɛtanɛli kpó ɔ́, gǎn wɛ yě nyǐ ɖo Levíi ví lɛ́ɛ mɛ. Mɔ̌ ɖokpó ɔ́, Hacaviyahu, Yeyiɛ́li kpódó Yozavadi kpó nyí gǎn ɖo Levíi ví lɛ́ɛ mɛ; yě ná lɛ̌ngbɔ́ví kpó gbɔ̌ví kpó děgba ɖě afatɔ́n (5.000), bó ná nyibú afɔwe kanwe ko (500) Levíi ví lɛ́ɛ nú Dǐndínwáyixwe ɔ́.",35.9,artefact
71715,"Ɛɛn, é kpé kpò","Est-ce que cela te suffit ? - Oui, il en reste.",definition
71749,Kanɖe gban nukun tεnnε,79,artefact
71752,alɔ̀ fín,la main qui n'est pas encore lavée depuis le lever,definition
71780,Fún nukúnmɛ̀ d’ágà !,Prends courage ! (se dit aux personnes dans le malheur) !,definition
71803,wɔ̀xúxú nabí gbé ɖíè,c'est du pain à combien - ce sont des pains à soixante francs,definition
71957,"È ɖe mɛɖé lɛ́ɛ gbɔn toxo lɛ́ɛ bǐ mɛ, bónú yě ná nɔ má nǔɖuɖu nú vɔ̌sánú-xwlémawutɔ́ Aalɔ́ɔn ví e nɔ́ nɔ gletoxo e lɛ́ lɛ̌ dó vɔ̌sánú-xwlémawutɔ́ lɛ́ɛ sín toxo lɛ́ɛ mɛ lɛ́ɛ, bó ná nɔ́ má nú Levíi ví e sín kɛ́n è sɔ́ lɛ́ɛ.",31.19,artefact
71997,Manasée zán wá kú bɔ è sɔ́ ɛ ɖó xwé tɔn gbe. Vǐ tɔn Amɔ́ni wɛ ɖu axɔ́sú ɖó tɛn tɔn mɛ.,33.20,artefact
72075,kɔkɔɖɔ̀,mets réalisé avec du haricot blanc écrasé cuit à la vapeur,definition
72075,kluwé,mets réalisé avec du haricot blanc écrasé cuit à la vapeur,definition
72288,un sá heelú wè,je rejette sur toi la responsabilité de ta mauvaise action,definition
72366,afɔ ayizɛn,1200,artefact
72530,awa tɔn kú,il est infirme d'un bras bras estropié ou coupé 0,definition
72732,cá,"tiens ! exprime la douleur, l'indignation, la surprise, la menace",definition
72732,caá,"tiens ! exprime la douleur, l'indignation, la surprise, la menace",definition
72732,cáyì,"tiens ! exprime la douleur, l'indignation, la surprise, la menace",definition
72753,"Ée nǔ énɛ́ lɛ́ɛ bǐ jɛ wá yi ɔ́, ée Joziyási bló Mawu xwé ɔ́ ɖó fó ɔ́, axɔ́sú Ejípu tɔn Nɛko sɔ́ nǔ bó ná yi fun ahwan xá Babilɔ́nunu lɛ́ɛ ɖo Kaakemíci ɖo Efláti tɔ ɔ́ tó. Bɔ Joziyási yi gbo ali n'i,",35.20,artefact
72896,Wo εnε (wεnε),14,artefact
72906,E ɖo gɛ n'i,Il a un fait un bo pour annihiler celui qu'il lui envoyait,definition
73124,"Ée Ezekiyási mɔ mɔ̌ ɔ́, é ɖɔ è nǐ jlá xɔ e mɛ è nɔ bɛ́ nǔ dó ɖo Mawu Mavɔmavɔ xwé gbe lɛ́ɛ ɖó, bɔ è blǒ xɔ lɛ́ɛ mɛ ɖó.",31.11,artefact
73134,"Axɔ́sú Joasi sɔ́ flín ɖagbe e Yexoyada Zekaliya tɔ́ ɔ́ kó wa n'i é ǎ, bó hu vǐ tɔn. Ée Zekaliya ja kúkú gbé ɔ́, é ɖɔ: “Mawu Mavɔmavɔ mɔ nǔ e wa wɛ a ɖe é, é ná byɔ́ axɔ́ tɔn we.”",24.22,artefact
73162,"Azɔ̌ e Ezekiyási wa gbɔn Judáa to ɔ́ bǐ mɛ ɔ́ nɛ́. É wa nǔ ɖagbe, nǔ jlɔ́jlɔ́ kpó nǔ e nyɔ́ Mawu Mavɔmavɔ, Mawu tɔn nukún mɛ é kpó.",31.20,artefact
73178,un ɖo ahanta lε,j'ai du whisky du gin ou du jus d'orange pas de champagne,definition
73233,gban nukun atɔn,33,artefact
73375,"Bɔ Judáanu lɛ́ɛ wlí sɔ́ja děgba we afɔwó (10.000) gbɛɖe gbɛɖe, bó kplá yě yi só ɖé ta aga, lobo kpíkpé yě nyi dodomɛ, bɔ yě bǐ gba hánnyá.",25.12,artefact
73694,Kɔsí é !,Cossi ! Oui ! (Quand le père appelle sa fille ou le mari de sa femme).,definition
73694,Wĕyì !,Cossi ! Oui ! (Quand le père appelle sa fille ou le mari de sa femme).,definition
73776,"É ɖó ahwangɔnu gbɔn Judáa toxo e è mɛ ahohó lɛ́ lɛ̌ dó lɛ́ɛ ɖokpó ɖokpó mɛ, bó ɖó ahwankpá gbɔn toxo e ɖo Judáa lɛ́ɛ ɖokpó ɖokpó mɛ, bó lɛ́ ɖó gbɔn Eflayímu toxo e tɔ́ tɔn yí lɛ́ɛ ɖokpó ɖokpó mɛ.",17.2,artefact
73836,Ali ma nyi ɖokpo,Il n'y a pas qu'une seule voie dans la vie,definition
73902,É cέ avɔ sà,Il a vendu du tissu en volant sur la mesure.,definition
73927,"Jozafáti zɔn Jeluzalɛ́munu lɛ́ɛ kpó Judáanu ɖě lɛ́ɛ kpó nu, bɔ yě bǐ lɛ́ kɔ ɖidó Jeluzalɛ́mu kpó awǎjijɛ kpó, ɖó Mawu Mavɔmavɔ hwlɛ́n yě sín kɛntɔ́ yětɔn lɛ́ɛ sí, bó dó dó xomɛhunhun ɖaxó ɖé nú yě.",20.27,artefact
74003,Fàn wɔ̆,Mélanger la farine à l'eau pour préparer la pâte ou délayer la pâte pour boire.,definition
74080,"Mɛ e Joziyási sɛ́ dó lɛ́ɛ yi vɔ̌sánú-xwlémawutɔ́ ɖaxó Ilukya gɔ́n, bó bɛ́ akwɛ́ e è jɔ ɖo Mawu xwé é jó n'i. Akwɛ́ énɛ́ ɔ́, Levíi ví hɔnjínɔtɔ́ lɛ́ɛ wɛ nɔ nu bó yí ɖo akɔta Manasée tɔn, Eflayímu tɔn kpó Izlayɛ́li ví ɖě lɛ́ɛ e kpo ɖo axɔ́súɖuto Taligbé tɔn mɛ é kpó sí; mɔ̌ ɖokpó ɔ́ wɛ yě lɛ́ yí ɖo akɔta Judáa tɔn ɔ́, Bɛnjamɛ́ɛ tɔn ɔ́ kpó Jeluzalɛ́munu lɛ́ɛ kpó sí.",34.9,artefact
74158,E glo mi,"Cela m'est impossible, c'est plus fort que moi, ça me dépasse",definition
74215,"Ée Judáanu lɛ́ɛ wá jɛ fí e è nɔ mɔ gbětótló ɔ́ sɛ́ dó ɖe ɔ́, bó ná zé kɔ kpowun ɔ́, kɛntɔ́ yětɔn lɛ́ɛ sín cyɔ jɛ́n yě mɔ ɖo títɛ́ kpaɖaɖa. Mɛ ɖěbǔ ɖo gbɛ ǎ.",20.24,artefact
74276,"Lo ɔ́, sɔ́ja Izlayɛ́li tɔn e Amasiyasi ma ba ɖɔ yě ní xwedó émí ǎ, bó lɛ́ kɔ nú yě lɛ́ɛ ɔ́, yě nyi ahwan byɔ́ Judáa toxo lɛ́ɛ mɛ, bɛ́ sín Samalíi káká yi Bɛti-Holɔ́ni, bó hu gbɛtɔ́ afɔwó-afatɔ́n (3.000), bó bɛ́ nǔ yětɔn lɛ́ɛ kpɔ́ gégé.",25.13,artefact
74337,"Mawu Mavɔmavɔ nya Etiopíinu lɛ́ɛ ɖo Asa kpó sɔ́ja Judáanu lɛ́ɛ kpó nukɔn, bɔ yě hɔn, 12bɔ Asa kpódó mɛ tɔn lɛ́ɛ kpó nya yě káká wá Geláa, bɔ Etiopíinu lɛ́ɛ ɖo ayǐ kɔn nyi wɛ káká bɔ yě bǐ kú. Yě mɛ ɖěbǔ gán ǎ; Mawu Mavɔmavɔ kpódó ahwangɔnu tɔn kpó vívá kún yětɔn. Asa kpódó mɛ tɔn lɛ́ɛ kpó bɛ́ nǔ sín ahwangbénu wá xwé kpɔ́ gégé.",14.12,artefact
74375,"Mawu Mavɔmavɔ ɖo kpɔ́ xá Jozafáti, ɖó é zán gbɛ tɔn lě e tɔ́gbó tɔn Davídi zán gbɛ gbɔn hwenu e é yi zinkpo jí tlóló é. É sɛn vodún Baalu lɛ́ɛ ǎ.",17.3,artefact
74385,"Ée Amasiyasi sín acɛkpikpa jínjɔ́n ayǐ bǐ é ɔ́, é hu mɛsɛntɔ́ e hu tɔ́ tɔn lɛ́ɛ é.",25.3,artefact
74423,"Xwe ko-nukún-ɖokpó wɛ Sedesíyasi ɖó bó yi zinkpo jí ɖo Jeluzalɛ́mu, bó ɖu axɔ́sú nú xwe wǒ-ɖokpó.",36.11,artefact
74500,E tɛ́n gyankpà,Il a mis le coupe-coupe dans le feu pour pouvoir l’affûter.,definition
74537,É ɖó nu jɛgiì,"Il a le visage tout barbouillé (de nourriture, de terre).",definition
74718,Kanwe wo atɔɔn nukun ɖokpo,96,artefact
74842,Axɔ́sú ɔ́ ká wá kanbyɔ́ ɛ ɖɔ: “Azɔn nabí mɔ̌ wɛ un ná byɔ́ we ɖɔ hwi ní xwlé nǔ ɖɔ nǔgbó jɛ́n ɖɔ nú mì wɛ a ɖe ɖo Mawu Mavɔmavɔ nyíkɔ mɛ?”,18.15,artefact
74864,"Sín gbe énɛ́ ɔ́ gbe ɔ́, Edɔ́mu to ɔ́ gosín acɛ Judáa tɔn mɛ, bó kpo ɖo mɔ̌ káká jɛ égbé. Hwenɛ́nu ɖokpó ɔ́, Livuna toxo ɔ́ lɔmɔ̌ fɔ́n gǔ dó acɛkpikpa Yexolámu tɔn jí, ɖó é jó Mawu Mavɔmavɔ, Mawu e tɔ́gbó tɔn lɛ́ɛ sɛn é dó.",21.10,artefact
74941,"Ée Mawu Mavɔmavɔ mɔ ɖɔ yě yí hwɛ yětɔn lɛ́ɛ gbe ɔ́, é lɛ́ ɖɔ nú Cemaya ɖɔ: “Yě kó yí hwɛ yětɔn lɛ́ɛ gbe, un sɔ́ ná vívá kún yětɔn ǎ, un ná yá wǔ hwlɛ́n yě sín adǎn élɔ́ mɛ. Un sɔ́ ná ɖo xomɛ sin dó Jeluzalɛ́mu toxo ɔ́ wɛ káká, bó ná jó Cicáki dó bɔ é ná gba ɛ ǎ.",12.7,artefact
75309,"Bɔ Yexoázi ɖɔ sɛ́ dó Amasiyasi ɖɔ: “Wunkan byɔ́ vǐ sɛ́dlutín ɖo Libáan só jí, bó ná da nú vǐ tɔn, gběkanlin ɖokpó ka gbɔn wunkan ɔ́ jí, bó gbídí i.",25.18,artefact
75383,"Ezekiyási ɖokpó énɛ́ ɔ́ wɛ sú fí e tɔjɔtɛn Gixɔ́ni tɔn ɔ́ nɔ́ tɔ́n sin ɖe é, bó ɖe ali nú sin ɔ́ gbɔn ayǐkúngban glɔ́ yi Davídi Toxo ɔ́ sín gbadahwe jí. Nǔ e Ezekiyási wa lɛ́ɛ bǐ wɛ nyɔ́ n'i.",32.30,artefact
75447,Kanɖe nukun ɖokpo,41,artefact
75452,"é yi Asa gɔ́n, bó ɖɔ n'i ɖɔ: “Axɔ́sú Asa, Judáanu e mi, Bɛnjamɛ́ɛnu e mi, mi bǐ ní ɖótó mì! Nú mi ɖo kpɔ́ xá Mawu Mavɔmavɔ jɛ́n wɛ ɔ́, é lɔ ná ɖo kpɔ́ xá mi. Ényí mi ba Mawu Mavɔmavɔ ɔ́, é ná zé éɖée xlɛ́ mi, mi ka jó e dó ɔ́, é lɔ ná jó mi dó.",15.2,artefact
75469,Gbă avɔ̀ nú mɛ,Avoir les premiers rapports sexuels avec une jeune fille vierge,definition
75511,Nuwanumɔnɔ mɔ axijijε.,"Un fou a vu l'animation du marché. - Si ça continue, il finira par y avoir de la bagarre.",definition
75521,wumɛ̀,nom donné à la fille qui se présente recouverte de la membrane amniotique au cours de la naissance,definition
75521,wusì,nom donné à la fille qui se présente recouverte de la membrane amniotique au cours de la naissance,definition
75625,"Axɔ́sú Oziyási bɛ́ azɔn baɖabaɖa ɖé: é bɛ́ gudu bɔ gudu ɔ́ nɔ wǔ tɔn mɔ̌ jɛ gbe e gbe é kú é. Hwenu e é ɖo azɔn ɔ́ jɛ wɛ ɔ́, è sɔ́ ɛ yi ɖó xwé ɖé gbe ɖo zɔ nú mɛ bǐ, bónú é ma lɛ́ kɔ wá Mawu Mavɔmavɔ xwé gbe ó. È sɔ́ vǐ tɔn Yotámu e kpa acɛ ɖo hɔnmɛ ɔ́ ɖó axɔ́súɖuto ɔ́ bǐ nu",26.21,artefact
75639,"Xwe gban-nukún-we (32) ɖó wɛ Yexolámu ɖe, bó yi zinkpo jí ɖo Jeluzalɛ́mu, bó ɖu axɔ́sú nú xwe tántɔn. Ée Yexolámu zán kú ɔ́, kú tɔn vɛ́ nú mɛ ɖěbǔ ǎ. È ɖi i ɖó Davídi Toxo mɛ. Amɔ̌, è sɔ́ ɛ yi ɖó yɔdo e mɛ è nɔ ɖi axɔ́sú lɛ́ɛ dó ɔ́ mɛ ǎ.",21.20,artefact
75648,"Yexoyada bɛ́ hwǎn kpó gǎglónú tɛnmɛ tɛnmɛ kpó jó nú sɔ́ja kanwekogán lɛ́ɛ. Axɔ́sú Davídi tɔn wɛ nyí ahwanfunnú énɛ́ lɛ́ɛ, bɔ è bɛ̌ yi ɖó Mawu xwé gbe.",23.9,artefact
75703,"Yě byɔ́ Jeluzalɛ́mu toxo ɔ́ mɛ, bɔ hǔn kpó agǐdigbo kpó, kpódó kpɛn kpó ɖo gbe jɛ wɛ, bɔ yě ɖo xixo wɛ káká yi Mawu Mavɔmavɔ xwé gbe.",20.28,artefact
75748,"Hwenu e Hlobowámu ɖo xwe atɔ́ɔ́n bló wɛ ɖo zinkpo jí ɔ́, Izlayɛ́li ví lɛ́ɛ hu hwɛ dó Mawu Mavɔmavɔ; énɛ́ ɔ́ wú wɛ Mawu Mavɔmavɔ jló ná dɔn tó nú yě, lobo jó Cicáki Ejípu xɔ́sú ɔ́ dó bɔ é tɔ́n ahwan Jeluzalɛ́mu.",12.2,artefact
75791,"Gbeyíɖɔ Mawu tɔn ɔ́ kpo ɖo xó ɖɔ wɛ, bɔ Amasiyasi yí xó sín nu tɔn bó kanbyɔ́ ɛ ɖɔ: “Wěɖexámɛtɔ́ ce wɛ a nyǐ a? Nyɛ wɛ sɔ́ we a? Nú a ma ba nú è nǎ hu we ǎ hǔn, yǎ wǔ xwɛ.” Ée é ɖɔ mɔ̌ ɔ́, gbeyíɖɔ Mawu tɔn ɔ́ sɔ́ dɔn nǔ ǎ, amɔ̌, é ɖɔ: “Un tunwun ɖɔ Mawu ɖɔ émí ná hu we, ɖó nǔ e a dǒ sin ɔ́ kpó xó ce e a ma jló ná se ǎ ɔ́ kpó wú.”",25.16,artefact
75851,"É bló káká bó sɔ́ vǐ tɔn sá vɔ̌ ná ɖo tɔdo Hinnɔ́mu tɔn mɛ; é nɔ́ bló majíki tɛnmɛ tɛnmɛ, lobo ɖu azě; é nɔ́ yi kan nǔ ɖo bokantɔ́ lɛ́ɛ gɔ́n. É nɔ́ fɔ́n, bó nɔ́ ɖo nǔ e ma nyɔ́ Mawu Mavɔmavɔ nukún mɛ ǎ é wa wɛ, bó dó dó xomɛsin xomɛ n'i.",33.6,artefact
75959,nyà vὲ,initier à un culte vaudoun ou à une société secrète,definition
75964,"Ée é ɖɔ mɔ̌ ɔ́, Levíi ví e sí te lɛ́ɛ ɖíe: xwédo Kexáti tɔn mɛ ɔ́, Maxáti Amasayi ví ɔ́ kpódó Yoɛ́li Azalyahu ví ɔ́ kpó sí te. Xwédo Mɛlali tɔn mɛ ɔ́, Kícu Avudi ví ɔ́ kpódó Azalyahu Yexalelɛ́li ví ɔ́ kpó sí te. Xwédo Gɛɛcɔ́ni tɔn mɛ ɔ́, Yoáxi Zimuma ví ɔ́ kpó Edɛ́ni Yoáxi ví ɔ́ kpó sí te.",29.12,artefact
75986,bà hìn,"faire une hémorragie (en dehors des règles, lors d'une grossesse)",definition
76003,É fɛ́n agŭn ì,Il l’a éreinté (se dit aussi d’un homme adulte qui a violé une jeune fille).,definition
76039,e kpɔ̀ hú mĭ,c'est moins cher que de la fiente c'est très bon marché,definition
76056,Kanɖe gban nukun εnε,74,artefact
76403,"bó ɖɔ nú yě ɖɔ: “Levíi ví lɛ́ɛ mi, mi ɖótó mì, din ɔ́, mi slá wǔ nú miɖée, bó slá wǔ nú Mawu Mavɔmavɔ, Mawu tɔ́gbó mitɔn lɛ́ɛ tɔn sín xwé ɔ́, lobo bɛ́ nǔ e nyí suɖunú lɛ́ɛ bǐ sín xwé ɔ́ gbe.",29.5,artefact
76510,Xɛ ɖe kpɔn ɖe.,Un oiseau a regardé un autre oiseau. - Le départ approche.,definition
76510,Zunzɔn ya.,Un oiseau a regardé un autre oiseau. - Le départ approche.,definition
76568,é nyi gɛ̀n,il a fait une poussée en avant de l'organe en érection,definition
76577,E yi xwe,Il est allé à la maison (pour les vieillards = mort),definition
76619,"Babilɔ́nunu lɛ́ɛ dó Mawu xwé ɔ́ zo. Yě mu ahohó e ɖo Jeluzalɛ́mu lɛ́ɛ, bó dó hɔnmɛ lɛ́ɛ bǐ zo lobo hɛn nǔ xɔ akwɛ́ e ɖo toxo ɔ́ mɛ lɛ́ɛ bǐ gblé.",36.19,artefact
76705,é ɖó nu jɛgiì,il a le visage tout barbouillé de nourriture de terre,definition
76720,sece,gri-gri qui aurait la vertu d'envoûter la personne que l'on désire séduire,definition
76720,wàséce,gri-gri qui aurait la vertu d'envoûter la personne que l'on désire séduire,definition
76786,É wló avɔ sà,Il a détourné le pagne pour se faire de l’argent.,definition
76852,E kplá kpɔ̀n,Il a accompagné le hamac (se dit pour les varioleux).,definition
76887,xwe ɖokpó hwà ɖokpó,une année un cheveu blanc bonne année bon anniversaire longue vie,definition
76963,É dó vodúnnɔ lɛ́ɛ sín xúgloxú zo ɖo vɔ̌sákpe yětɔn lɛ́ɛ jí. Lě e é slá wǔ nú Judáa kpó Jeluzalɛ́mu kpó gbɔn ɔ́ nɛ́.,34.5,artefact
77005,18Yexozavadi; é kpa acɛ dó ahwanfuntɔ́ adɔ̌kpo wɛ̌nɛ nu (280.000); yě bǐ ko sɔ́ ahwan nú.,17.18,artefact
77088,"Yě sɛ akwɛ́ e ɖo Mawu Mavɔmavɔ xwé gbe ɔ́ kplé, bó zé dó alɔ mɛ nú azɔ̌jíkpɔ́ntɔ́ lɛ́ɛ kpó mɛ e ɖo azɔ̌ ɔ́ wa wɛ lɛ́ɛ kpó.”",34.17,artefact
77185,ko nukun ɛnɛ,24,artefact
77303,"Kwíyɛ́nkwíyɛ́n, kwínɛ́nkwínɛ́n",Qualifie un être tout petit et qui ne tient pas en place,definition
77495,Vi ny'avɔ ɖe,L'enfant est (comme) un pagne (dont on peut se couvrir),definition
77510,"Ée Jozafáti ɖe yě ɔ́, é ɖɔ nú yě ɖɔ: “Mi ɖó ná ɖó sísí nú Mawu Mavɔmavɔ, bó ná sixú wa nǔ kpó ayixa mitɔn bǐ kpó, kpódó gbejíninɔ kpó.",19.9,artefact
77533,kpé agbàn nú mε,faire un bo pour pouvoir garder en vie un enfant qui vient au monde après le décès de son frère,definition
77682,"Axɔ́sú Amasiyasi sín tan e kpo ɔ́, è wlǎn sín fí e é bɛ́ sín ɔ́ káká yi fí e é fó dó ɔ́ dó axɔ́sú Judáa tɔn lɛ́ɛ kpó Izlayɛ́li tɔn lɛ́ɛ kpó sín “Tan wéma” mɛ.",25.26,artefact
77684,É nyì kpáke jí,Il a regarde en haut en rejetant la tête en arrière.,definition
77701,"Ée nǔ énɛ́ lɛ́ɛ jɛ wá yi ɔ́, Manasée mɛ ahohó ɖé ɖó Davídi Toxo ɔ́ gúdo, ɖo Gixɔ́ni sín gbadahwe jí, gbɔn tɔdo ɔ́ mɛ káká yi Hweví Hɔntogbó ɔ́ kɔn, bó lɛ́ dó Ofɛ́lu. É mɛ ahohó ɔ́ bɔ é yi jǐ ɖésú. É lɛ́ sɔ́ ahwangán lɛ́ɛ ɖó Judáa sín toxo e è mɛ ahohó lɛ́ lɛ̌ dó lɛ́ɛ mɛ.",33.14,artefact
77764,"Izlayɛ́linu lɛ́ɛ ɖu ɖo Judáanu lɛ́ɛ jí, bɔ Judáanu lɛ́ɛ ɖokpó ɖokpó hɔn yi xwé.",25.22,artefact
77765,Gban nukun tεnnε,39,artefact
78097,yovózɛ́n ɔ́ lăn,l'orange est blessée on emploie cette expression lorsque par maladresse en épluchant une orange on lui a fait une entaille profonde,definition
78297,"Ée mɛ lɛ́ɛ ɖo wezun kán wɛ, bó ɖo susu kpa nú axɔ́sú ɔ́ wɛ bɔ Atalíi se ɔ́, é wá mɔ yě ɖo Mawu Mavɔmavɔ xwé gbe.",23.12,artefact
78534,"“Mi kpan akɔ́n bó dó gǎn. Mi ma ɖi xɛsi ó, ado ní ma hu mi ɖo axɔ́sú Asilíi tɔn ɔ́ kpódó mɛ tobutóbú e zɔn xá ɛ lɛ́ɛ kpó nukɔn ó. Ɖó mɛ e zɔn xá mǐ lɛ́ɛ sukpɔ́ hú mɛ e zɔn xá ɛ lɛ́ɛ.",32.7,artefact
78541,"Jozafáti bló nǔ ɖokpó ɔ́ ɖo Jeluzalɛ́mu; é ɖe Levíi ví ɖé lɛ́ɛ, vɔ̌sánú-xwlémawutɔ́ ɖé lɛ́ɛ, kpódó hɛ̌nnugán Izlayɛ́li tɔn ɖé lɛ́ɛ kpó, bɔ yě ná nɔ́ xwedó sɛ́n dó ɖɔ hwɛ ɖo Mawu Mavɔmavɔ nyǐkɔ mɛ, bó ná nɔ́ ɖɔ hwɛ gbo nú Jeluzalɛ́munu lɛ́ɛ.",19.8,artefact
78642,"Yě hɛn nyibúsú tɛ́nwe, agbo tɛ́nwe, lɛ̌ngbɔ́ví tɛ́nwe kpódó gbǎgbá tɛ́nwe kpó, bó ná sá hwɛsɔ́kɛmɛvɔ́ ná dó hɛ̌nnu axɔ́sú ɔ́ tɔn ɔ́ kpó Mawu Mavɔmavɔ xwé ɔ́ kpó, kpódó Judáa to ɔ́ kpó tamɛ. Bɔ axɔ́sú ɔ́ ná gbe vɔ̌sánú-xwlémawutɔ́ Aalɔ́ɔn ví lɛ́ɛ ɖɔ yě ní sá vɔ̌ ɖo vɔ̌sákpe Mawu Mavɔmavɔ tɔn ɔ́ jí.",29.21,artefact
78676,fàn wɔ̆,délayer de la farine dans de l'eau pour préparer la pâte,definition
78676,dŏ wɔ̆ sìn,délayer de la farine dans de l'eau pour préparer la pâte,definition
78778,dŏ klisó,parvenir à leur plein développement et durcir (en parlant des feuilles),definition
78855,"Mawu Mavɔmavɔ sín jlǒ wiwa wɛ nɔ́ myá nukún n'i, bɔ é ɖe vodún xwé e gbɔn só jí só jí lɛ́ɛ kpódó vodún Acela lɛ́ɛ kpó sín axɔ́súɖuto Judáa tɔn mɛ.",17.6,artefact
78879,E cí mɔ̆,C’est ainsi (On dit souvent cela quand on se quitte).,definition
78955,e dɛ ma kú,il a enduré bien des choses mais il n'en est pas mort,definition
79050,"È yi ɖi i dó yɔdo e mɛ è nɔ ɖi axɔ́sú lɛ́ɛ dó ɔ́ mɛ, ɖo Davídi Toxo mɛ, ɖó é wa ɖagbe nú Izlayɛ́li togun ɔ́; é sɔ́ Mawu kpódó Mawu xwé ɔ́ kpó su.",24.16,artefact
79128,"Axɔ́sú Akázi ɖo nukúnmyá mɛ mɔ̌, có bó lɛ́ kpo ɖo hwɛ hu dó Mawu Mavɔmavɔ wɛ.",28.22,artefact
79250,"Mɛ e axɔ́sú Ezekiyási kpó Azalyahu e nyí gǎn ɖo Mawu xwé gbe ɔ́ kpó ɖe, bɔ yě nɔ Kɔnaniahu kpó nɔví tɔn Cimɛ́yi kpó glɔ́, bó kpé nukún dó nǔ lɛ́ɛ wú lɛ́ɛ ɖíe: Yexiyɛ́li, Azaziyahu, Naxáti, Asaxɛli, Yelimɔ́ti, Yozavadi, Eliyɛ́li, Yisimakiyahu, Maxáti kpódó Benayahu kpó.",31.13,artefact
79275,ko nukun ɖokpo,21,artefact
79364,E ɖúɖɔ́ jɛ̀,Il a pris du sel avec le doigt pour le manger.,definition
79584,Xwe kanɖé-nukún-ɖokpó (41) bló wɛ Asa ɖe ɖo axɔ́súzinkpo jí bɔ zǎn tɔn kú.,16.13,artefact
80179,Gba gbe nu mi,"(Au jeu de billes, lorsqu'un enfant gagne, les autres lui disent « Donne-moi une partie de ce que tu as gagné) »",definition
80366,É flɛ́ kpɔ̀n,"Il a dégringolé de la branche (comme le singe, en parlant des jumeaux).",definition
80496,kanɖe ko atɔɔn,65,artefact
80498,"Wǎ hwlɛ́n mì gán; wǎ yǐ mì sín toɖévomɛnu lɛ́ɛ sí. Xójɔxó ɖé ɖo nu yětɔn ǎ. Nǔ e yě dó akpá tɔn ɖɔ émí ná wa lɛ́ɛ ɔ́, yě bló ɖě ǎ.",144.1,artefact
80660,awĭì kpódó nafí kpán,le chat et sa tante le chat et la panthère conte,definition
80689,"Ée nǔ cí mɔ̌ ɔ́, Yexoázi axɔ́sú Izlayɛ́li tɔn ɔ́ sɔ́ ahwannú bɔ é kpó Amasiyasi kpó wá kplé ɖo Bɛti-Cɛmɛ́ci ɖo Judáa yíkúngban jí.",25.21,artefact
80731,Nu fín,La bouche où le cure-dents n’a pas été employé depuis le réveil.,definition
80918,"Axɔ́sú Ezekiyási fɔ́n zǎn ayǐhɔ́ngbe tɔn, bó kplé toxo ɔ́ sín gǎn lɛ́ɛ, lobo yi Mawu Mavɔmavɔ xwé gbe.",29.20,artefact
81012,Ko nukun we,22,artefact
81079,dŏ mɔ̆ nú mε,venir voir quelqu'un que l'on n'a pas vu depuis longtemps,definition
81124,afatɔɔn kanwe ko ele kanɖe,100040,artefact
81176,kú dó sɔ̀,merci pour hier se dit à quelqu'un qui vous a fait plaisir la veille ou avec qui vous aviez simplement parlé,definition
81269,Ezekiyási nɔ́ wa nǔ e nyɔ́ Mawu Mavɔmavɔ nukún mɛ ɔ́ tɔ́gbó tɔn Davídi ɖɔhun pɛ́pɛ́pɛ́.,29.2,artefact
81516,"Amɔ̌, yě ná nɔ acɛ tɔn mɛ; énɛ́ ɔ́, è sɛn nyɛ abǐ è sɛn axɔ́sú gbɛmɛ fí tɔn lɛ́ɛ ɔ́, yě ná mɔ vogbingbɔn e ɖ'é mɛ é.”",12.8,artefact
81524,"Bɔ axɔ́sú Izlayɛ́li tɔn ɔ́ ɖɔ nú mɛsɛntɔ́ tɔn lɛ́ɛ ɖɔ: “Mi wlí Micée bó kplá ɛ yi jó nú Amɔ́ni, gǎn e kpa acɛ dó toxo ɔ́ nu ɔ́ kpó vǐ ce Yoaci kpó.",18.25,artefact
81571,"Énɛ́ ɔ́, mɛsɛntɔ́ tɔn lɛ́ɛ ɖe e sín ahwankɛkɛ́ví e mɛ é ɖe bó ɖo ahwan fun wɛ ɔ́ mɛ, bó sɔ́ ɛ ɖó ahwankɛkɛ́ví tɔn ɖěvo mɛ, bó kplá ɛ yi Jeluzalɛ́mu. Joziyási zán kú bɔ è ɖi i dó yɔdo tɔ́gbó tɔn lɛ́ɛ tɔn mɛ. Judáanu lɛ́ɛ bǐ kpó Jeluzalɛ́munu lɛ́ɛ bǐ kpó nɔ aluwɛ mɛ n'i.",35.24,artefact
81594,fàn mĭ,"se salir avec des excréments (pour s'amuser, en parlant d'un enfant)",definition
81644,"Axɔ́sú Hlobowámu sín tan ɔ́, è wlǎn, sín fí e é bɛ́ sín ɔ́ káká yi fí e é fó dó ɔ́, dó gbeyíɖɔ Mawu tɔn Cemaya kpó nǔmɔtɔ́ Idóo kpó sín Tan wéma lɛ́ɛ mɛ, fí e è wlǎn tɔ́gbó yětɔn lɛ́ɛ sín nyǐkɔ lɛ́ɛ dó é. Ahwan fun wɛ jɛ́n Hlobowámu kpódó Jelobowámu kpó nɔ́ ɖe.",12.15,artefact
81657,E gba eɖee do,"II s'est dévoilé, il s'est trahi, il a décidé de se faire connaître",definition
81784,E dín yì xwé,Il est passé par ici pour aller à la maison.,definition
82010,"Asa ɖe kpatágan kpódó siká kpó ɖo dɔkun e ɖo Mawu Mavɔmavɔ xwé gbe lɛ́ɛ mɛ kpódó éé ɖo axɔ́sú ɔ́ sín hɔnmɛ lɛ́ɛ kpó mɛ, bó bɛ́ sɛ́ dó axɔ́sú Silíi tɔn Bɛni-Hadadi ɖo Damási, bó ɖɔ sɛ́ dó e ɖɔ:",16.2,artefact
82055,nyì kɔ́,lancer les morceaux de terre pétrie pour faire un tas afin que la terre reste humide pour la construction d'une maison,definition
82056,"Xwe ko ɖó wɛ Akaziasi ɖe hwenu e é yi axɔ́súzinkpo jí ɖo Jeluzalɛ́mu é; é ɖu axɔ́sú nú xwe ɖokpó. Nɔ tɔn nɔ nyí Atalíi, bó jɔ ɖo Ɔmúli kún mɛ.",22.2,artefact
82244,e ɖɔ,nu a na wa jɛ nukɔn ɔ e wa gbɔn gudo wɛ a ɖe nɛ,definition
82249,"Lo ɔ́, ɖɛ̌mɛnu Mawu tɔn ɖokpó wá gɔ̌n tɔn, bó ɖɔ n'i ɖɔ: “Sɛ́mɛɖó, ma nú sɔ́ja Izlayɛ́li tɔn lɛ́ɛ xwedó we yi ó, ɖó Mawu Mavɔmavɔ ɖo mɛ e ɖo axɔ́súɖuto Totaligbé tɔn ɔ́ mɛ lɛ́ɛ jí ǎ.",25.7,artefact
82340,"Lo ɔ́, cóbónú é ná hu mɛ lɛ́ɛ ɔ́, Yexosavati axɔ́sú Yexolámu ví nyɔ̌nu Akaziasi nɔví ɔ́ zé Joasi Akaziasi ví ɔ́ sín axɔ́sú ví lɛ́ɛ mɛ; é zé e yi hwlá hwenu e è ɖo mɛ lɛ́ɛ hu wɛ é. É zé vǐ ɔ́ kpó nyɔ̌nu e ɖo vǐ ɔ́ hɛn wɛ ɔ́ kpó yi ɖó xɔ e mɛ è nɔ dɔ́ ɖo Mawu xwé gbe ɔ́ ɖokpó mɛ. Lě e Joasi gló Atalíi, bo ma kú ǎ gbɔn é nɛ́.",22.11,artefact
82388,"Bɔ yě ylɔ́ mɛɖé lɛ́ɛ sín nyǐkɔ, bɔ yě sí te bo kplá kannumɔ lɛ́ɛ, lobo kpɔ́n nǔ e yě bɛ́ sín ahwangbénu wá lɛ́ɛ mɛ, bó dó awu kpó afɔkpa kpó nú mɛ e ɖo mɛ̌ lɛ́ɛ bǐ. Yě ná nǔɖuɖu yě, bó ná sin yě, bó klɔ́ akpa nú yě. Yě bɛ̌ mɛ e ma sixú ɖi zɔnlin ǎ lɛ́ɛ bǐ ɖó tócí jí, bɔ Izlayɛ́linu lɛ́ɛ kplá ahwankannumɔ lɛ́ɛ yi nɔví yětɔn, to yětɔn mɛ nu lɛ́ɛ gɔ́n ɖo Jeliko, děkan toxo ɔ́ mɛ. Ée Izlayɛ́linu lɛ́ɛ kplá yě yi ɖó Jeliko ɔ́, yě lɛ̌ kɔ yi Samalíi.",28.15,artefact
82461,"Nǔ ɖo mɔ̌ có Acɛ́ɛ kpó Manasée kpó kpódó Zabulɔ́ɔn kpó sín mɛ ɖé lɛ́ɛ mɔ ɖɔ émí wa nǔ nyi do, bó wá Jeluzalɛ́mu.",30.11,artefact
82549,-,"Comme un fou furieux qui lance des flammes, des flèches et la mort,",definition
82595,zokpla,ce qui reste de quelque chose brûlé par le feu,definition
82595,zokplakplà,ce qui reste de quelque chose brûlé par le feu,definition
82635,“Xó e axɔ́sú Asilíi tɔn Senakelíbu ɖɔ ɔ́ ɖíe: Étɛ́wú mi ka gán jɛ bó cí ahohó Jeluzalɛ́mu tɔn mɛ?,32.10,artefact
82912,é nyì kpáke jí,il a regarde en haut en rejetant la tête en arrière,definition
82955,"Akázi kplé nǔ e è nɔ zán ɖo Mawu Mavɔmavɔ xwé gbe lɛ́ɛ, bó gba bǐ hánnyá. É sú Mawu Mavɔmavɔ xwé ɔ́ sín hɔn lɛ́ɛ. Énɛ́ ɔ́ gúdo ɔ́, é mɛ vɔ̌sákpe gbɔn alikpléhɔ̌ntɛn e ɖo Jeluzalɛ́mu lɛ́ɛ bǐ.",28.24,artefact
83007,"Bɔ Mawu Mavɔmavɔ sɛ́ wɛnsagun ɖokpó dó ahwankpá Asilíi xɔ́sú ɔ́ tɔn mɛ, bɔ é hu ahwanfuntɔ́ syɛ́nsyɛ́n lɛ́ɛ, ahwangán lɛ́ɛ kpódó gbɛtɔ́ nukúnɖéjí lɛ́ɛ kpó. Nǔ énɛ́ ɔ́ hu winnyá nú axɔ́sú ɔ́, bɔ é lɛ́ kɔ yi to tɔn mɛ. É ká wá su gbe ɖokpó bɔ é yi byɔ́ vodún tɔn xɔ mɛ, bɔ vǐ é ɖésúnɔ tɔn lɛ́ɛ hu i kpó hwǐ kpó.",32.21,artefact
83024,"Axɔ́súɖuto e lɛ́ lɛ̌ dó Judáa lɛ́ɛ bǐ jɛ xɛsi ɖi nú Mawu Mavɔmavɔ jí, bɔ yě ɖě nɔ́ glá tɔ́n ahwan Jozafáti ǎ.",17.10,artefact
83031,Gban nukun atɔn,33,artefact
83097,fùn kpεtὲ,faire de la sauce avec du sang et de la farine de maïs,definition
83097,fùn hùn,faire de la sauce avec du sang et de la farine de maïs,definition
83289,"Axɔ́sú Akázi sín tan e kpo ɔ́ kpó nǔ e é wa lɛ́ɛ bǐ kpó ɔ́, è wlǎn, sín fí e é bɛ́ sín ɔ́ káká yi fí e é fó dó ɔ́, dó axɔ́sú Judáa tɔn lɛ́ɛ kpó Izlayɛ́li tɔn lɛ́ɛ kpó sín “Tan wéma” mɛ.",28.26,artefact
83302,xó táá hán,on a mangé de la pâte sans en donner au menteur,definition
83442,Kú d'akwɛ. Kú nawó,"Salut pour l'argent dépensé, la libéralité, merci pour le don.",definition
83494,Kanɖe nukun tantɔn,48,artefact
83586,"Sín gbeyíɖɔ Mawu tɔn Samuwɛ́li hwenu ɔ́, è ko sɔ́ ɖu Dǐndínwáyixwe mɔ̌hunkɔtɔn kpɔ́n ɖo Izlayɛ́li ǎ. Dǐndínwáyixwe élɔ́ e axɔ́sú Joziyási kpódó vɔ̌sánú-xwlémawutɔ́ lɛ́ɛ kpó Levíi ví lɛ́ɛ kpó, Judáa togun ɔ́ kpó Izlayɛ́li togun ɔ́ kpó bǐ kpódó Jeluzalɛ́munu lɛ́ɛ kpó ɖu ɔ́, axɔ́sú Izlayɛ́li tɔn lɛ́ɛ ɖěbǔ kó ɖu mɔ̌hunkɔtɔn kpɔ́n ǎ.",35.18,artefact
83766,gban nukun ɛnɛ,34,artefact
83778,Ko nukun aizεn,26,artefact
83796,"Hwe énɛ́ ɔ́ nu ɔ́, ayi sɔ́ jɛ ayǐ nú mɛ e ɖo yiyi wɛ, bó ɖo wǐwá wɛ gbɔn to lɛ́ɛ mɛ to lɛ́ɛ mɛ lɛ́ɛ ǎ, ɖó hunnyahunnya ɖo to lɛ́ɛ bǐ mɛ.",15.5,artefact
83864,Sɛ́ wɛ́ ná,C’est un cadeau de ton destin (un autre n’aurait pas pu le faire).,definition
83876,Afɔtɔn nukun atɔn,18,artefact
83882,"Axɔ́sú Jozafáti sín tan e kpo ɔ́, è wlǎn, sín fí e é bɛ́ sín ɔ́ káká yi fí e é fó dó ɔ́, dó Tan wéma Jehu Hanáni ví ɔ́ tɔn mɛ. Wěma énɛ́ ɔ́ ɖo “Izlayɛ́li xɔ́sú lɛ́ɛ sín wěma” mɛ.",20.34,artefact
83899,"Ée é ɖɔ mɔ̌ ɔ́, yě dɔn ɛ gbɔn Sɔ́ lɛ́ɛ sín Hɔntogbó nu byɔ́ hɔn ɔ́ mɛ, bó hu i ɖo fínɛ́.",23.15,artefact
83913,"È mu vɔ̌sákpe Baalu tɔn lɛ́ɛ ɖo nukún tɔn mɛ, bɔ é gba nǔ e mɛ yě nɔ́ dó zǎlínkpɔ́n zo ɖe lɛ́ɛ. É li vodún Acela e yě tun te bó nɔ́ sɛn lɛ́ɛ kpó bǒcyɔ tɛnmɛ tɛnmɛ lɛ́ɛ kpó, bo fúnfún gbɔn mɛ e nɔ sá vɔ̌ nú yě ɖ'ayǐ bó kó kú lɛ́ɛ sín yɔta.",34.4,artefact
83998,slé,onomatopée imitant sans doute le bruit de la salive projetée entre les deux incisives supérieures,definition
84140,Vì ɖáxó,Titre donné par le peuple à l’héritier présomptif du trône d’Abomey.,definition
84224,Kú d’é wú,Salut pour ce que tu es en train de faire.,definition
84281,"Hwenɛ́nu ɔ́, sɔ́ja Silíinu ɖé ka da gǎ tɔn kpowun, bɔ gǎ ɔ́ yi gbɔn fí e ganwu e Izlayɛ́li xɔ́sú ɔ́ dó ɔ́ kpé ɖe ɔ́, bó sɔ́ ɛ, bɔ axɔ́sú ɔ́ ɖɔ nú mɛ e ɖo kunkun i wɛ ɔ́ ɖɔ: “Lɛ̌ kɔ, bó kplá mì sín ahwangbénu, ɖó un xo akpa.”",18.33,artefact
84549,"Yě nɔ́ má nǔɖuɖu nú súnnu e sín kɛ́n è ko sɔ́ sín hwenu e yě ko ɖó xwe atɔn kpó ée kó ɖó hú mɔ̌ cóbɔ è sɔ́ kɛ́n yětɔn lɛ́ɛ kpó kɛ́ɖɛ́ ǎ. Lo ɔ́, yě nɔ́ lɛ́ ná mɛ e nɔ yi Mawu Mavɔmavɔ xwé ayǐhɔ́ngbe ayǐhɔ́ngbe, bó nɔ́ yi wa azɔ̌ yětɔn yětɔn, ɖo gbɛ̌ta yětɔn yětɔn mɛ lɛ́ɛ.",31.16,artefact
84652,"É to sɔ́ja lɛ́ɛ, bɔ ahwanlyánnú yětɔn lɛ́ɛ ɖo alɔ yětɔn mɛ; yě to lɛ́ lɛ̌ dó axɔ́sú ɔ́, bɛ́ sín sinsɛnxɔ ɔ́ sín ɖisíxwé káká yi amyɔxwé, ɖo xɔ ɔ́ kpó vɔ̌sákpe ɔ́ kpó nukɔn, bó nɔ́ cɔ́ axɔ́sú ɔ́.",23.10,artefact
84725,"Ée é bló mɔ̌ ɔ́, nǔɖuɖu tíin sukpɔ́ ɖo toxo e ɖo axɔ́súɖuto tɔn mɛ lɛ́ɛ bǐ mɛ; é bɛ́ ahwanfuntɔ́ e syɛ́n ganjí lɛ́ɛ ɖó Jeluzalɛ́mu.",17.13,artefact
84843,é nɔ́ dó sù,il est exigeant en refusant telle nourriture qui ne lui plaît pas,definition
84856,"Énɛ́ ɔ́, Mawu Mavɔmavɔ fɔ́n Filisitɛ́ɛn lɛ́ɛ kpódó Alabíinu e ɖo Etiopíinu lɛ́ɛ kpá lɛ́ɛ kpó dó Yexolámu jí.",21.16,artefact
85122,bòjlὲtɔ́,nom donné à une fille née avec le cordon ombilical autour du cou et des mains,definition
85122,boò,nom donné à une fille née avec le cordon ombilical autour du cou et des mains,definition
85219,zìn alɔ̀ dŏ akɔ́n,se frapper la poitrine pour dire son accord avec fermeté,definition
85259,kɔ tɔn gbò ală,elle a un joli cou son cou fait des plis,definition
85335,"Akábu kanbyɔ́ Jozafáti ɖɔ: “A ma ná gɔ́ nú mì bónú mǐ nǎ yi tɔ́n ahwan Hlamɔti toxo ɔ́ ɖo Galadi yíkúngban jí a?” Bɔ Jozafáti yí gbe n'i ɖɔ: “Nyɛ kpódó hwi kpó ɔ́, nǔ ɖokpó ɔ́ wɛ mǐ nyí, togun ce ɔ́, togun towe wɛ, togun towe ɔ́, togun ce wɛ. Mǐ ná yi tɔ́n ahwan toxo ɔ́ xá we.”",18.3,artefact
85821,é kpé wé à,est-ce que ça te suffit - oui il m'en reste,definition
86031,zăn kú dŏ mε,abasourdir à la suite d'une nouvelle ou un fait inattendu,definition
86053,Gban nukun tεnwe,37,artefact
86126,"Énɛ́ ɔ́, axɔ́sú Ezekiyási ná gbe ɖɔ è nǐ sá vɔ̌ e è nɔ dó zo ɔ́ ɖo vɔ̌sákpe ɔ́ jí. Bɔ ée è jɛ vɔ̌ ɔ́ sá jí ɔ́, è jɛ han ji dó kpa Mawu Mavɔmavɔ jí, bó ɖo kpɛn kún d'é mɛ wɛ, lobo ɖo axɔ́sú Izlayɛ́li tɔn Davídi sín nǔxonú lɛ́ɛ xo d'é mɛ wɛ.",29.27,artefact
86139,"Yě gba nǔ káká bó gba kanlinkpó lɛ́ɛ lɔ, bó bɛ́ lǎkúnmí kpó sɔ́ kpó kɔn nyi kpɔ́ gégé. Énɛ́ ɔ́ gúdo ɔ́, yě lɛ́ kɔ yi Jeluzalɛ́mu.",14.15,artefact
86330,Mɛsɛntɔ́ Senakelíbu tɔn lɛ́ɛ ɖo slǎmɛ ɖɔ Mawu Mavɔmavɔ kpó Ezekiyási mɛsɛntɔ́ Mawu Mavɔmavɔ tɔn ɔ́ kpó wú wɛ kpowun.,32.16,artefact
86420,"É lɛ́ vɔ́ vɔ̌sákpe Mawu Mavɔmavɔ tɔn ɔ́ mɛ, bó nɔ sá kɔnɖókpɔ́ vɔ́ lɛ́ɛ kpódó kú dó nú Mawu vɔ́ lɛ́ɛ kpó ɖ'é jí, lobo ɖɔ nú Judáanu lɛ́ɛ ɖɔ yě ní nɔ sɛn Mawu Mavɔmavɔ, Mawu Izlayɛ́li tɔn.",33.16,artefact
86423,"Énɛ́ ɔ́, Akázi bɛ́ nǔ e ɖo Mawu Mavɔmavɔ xwé gbe lɛ́ɛ ɖě, éé ɖo hɔnmɛ lɛ́ɛ ɖě kpódó azaglɔ́gán tɔn lɛ́ɛ sín dɔkun lɛ́ɛ ɖě kpó, bó bɛ́ nú Asilíi xɔ́sú ɔ́. É wa mɔ̌ có, é ká mɔ nǔ e ba wɛ é ɖe ɔ́ ǎ.",28.21,artefact
86424,"Énɛ́ ɔ́, axɔ́sú ɔ́ kpó Yexoyada kpó bɛ́ jó nú mɛ e lɔmɛ è zě Mawu Mavɔmavɔ xwé ɔ́ sín azɔ̌ ɔ́ dó lɛ́ɛ. Bɔ yědɛɛ yí mɛ e nɔ kpa awǐnnya lɛ́ɛ, xɔgbátɔ́ lɛ́ɛ kpó mɛ e nɔ wa gan kpó ganvɔ kpó sín azɔ̌ lɛ́ɛ kpó, bónú yě ná bló Mawu Mavɔmavɔ xwé ɔ́ ɖó, bɔ é ná syɛ́n ganjí.",24.12,artefact
86467,"Axɔ́sú Nabukodonɔzɔ́ɔ ɖɔ nú Sedesíyasi ɖɔ é ní xwlé Mawu nú émí ɖɔ émí ná nɔ gbejí nú émí, bɔ é xwlé, có Sedesíyasi fɔ́n gǔ dó jǐ tɔn. É ti tamɛ bó gbɛ́ bǐ ɖɔ émí kún sɔ́ ná lɛ́ kɔ yi Mawu Mavɔmavɔ, Mawu Izlayɛ́li tɔn ɔ́ gɔ́n ó.",36.13,artefact
86537,Wɛnsú et Wɛnsì,Garçon ou fille se présentant à la naissance la face tournée vers le ciel,definition
86576,"Nǔmɔtɔ́ Jehu Hanáni ví ɔ́ ká yi kpé e, bó ɖɔ n'i ɖɔ: “Étɛ́wú wɛ a yi gɔ́ alɔ nú nǔnyanyawatɔ́? È nǎ yí wǎn nú mɛ e gbɛ́ wǎn nú Mawu Mavɔmavɔ lɛ́ɛ wɛ a? Mawu Mavɔmavɔ sin xomɛ dó we ɖó nǔ énɛ́ e a wa ɔ́ wú.",19.2,artefact
86724,"Mawu Mavɔmavɔ wá sɛ́ gbeyíɖɔ tɔn lɛ́ɛ dó yě bónú yě ná ɖɔ xó nú yě, bónú yě ná lɛ́ kɔ wá gɔ̌n tɔn. Lo ɔ́, mɛɖé ɖótó yě ǎ.",24.19,artefact
86780,"Asa sín ahwangɔnu ɔ́, gbɛtɔ́ adɔ̌kpo afɔtɔn (300.000) wɛ nyí Judáanu, bɔ yě hɛn gǎglónú ɖaxó kpódó hwǎn kpó. Bɛnjamɛ́ɛnu lɛ́ɛ ká yi gbɛtɔ́ adɔ̌kpo wɛ̌nɛ (280.000), bɔ yě hɛn gǎglónú kpɛví; yě nyɔ́ gǎ da. Yě bǐ wɛ nyí ahwanfuntɔ́ syɛ́nsyɛ́n.",14.8,artefact
86782,"Ezekiyási zán wá kú, bɔ è sɔ́ ɛ ɖó Davídi ví lɛ́ɛ sín yɔdo mɛ ɖo fí e yi jǐ hú fí bǐ é. Judáa to ɔ́ bǐ kpó Jeluzalɛ́munu lɛ́ɛ kpó wlí yɛ̌yi n'i ɖo kú tɔn hwenu. Vǐ tɔn Manasée wɛ ɖu axɔ́sú ɖó tɛn tɔn mɛ.",32.33,artefact
86787,"Hlobowámu wa nǔ e nylá Mawu Mavɔmavɔ nukún mɛ é, ɖó jlǒ Mawu Mavɔmavɔ tɔn wiwa myá nukún n'i ǎ.",12.14,artefact
86867,e hínhán lan myɔ̀,elle a fait griller légèrement de la viande au feu,definition
86986,E j’ajò.,Il a volé. - Qu’a-t-il volé ? - Il a volé de l’argent.,definition
86986,Aní é fìn ?,Il a volé. - Qu’a-t-il volé ? - Il a volé de l’argent.,definition
86986,É fìn kwɛ́,Il a volé. - Qu’a-t-il volé ? - Il a volé de l’argent.,definition
87033,xò wɔ̆,secouer la pâte pour qu'elle adopte la forme du récipient,definition
87050,Izlayɛ́li ví e ɖo fínɛ́ lɛ́ɛ ɖu Dǐndínwáyixwe ɔ́ bó ɖu wɔ̌xúxú e mɛ è ma dó tɔ́n ǎ é sín xwe ɔ́ hwenɛ́nu xɔ azǎn tɛ́nwe.,35.17,artefact
87103,gbà kpá nú mε,dévoiler à l'avance à quelqu'un ce qui sera traité en public,definition
87116,"Hǔn, mi ma lɔn nú Ezekiyási ní ɖó adingban nú mi, bó blɛ́ mi mɔ̌ ó. Mi ma ɖi xó tɔn ó. Ɖó nǔmɛsɛn ɖěbǔ tíin ɖo akɔta ɖěbǔ mɛ abǐ axɔ́súɖuto ɖěbǔ mɛ bó ná kpé wú bó hwlɛ́n togun tɔn ɖo así ce ǎ, ɖě ká ɖe bó ná hwlɛ́n ɖo tɔ́gbó ce lɛ́ɛ sí ǎ. Nɛ̌ wɛ nǔmɛsɛn mitɔn ka ná kpé wú bó hwlɛ́n mi ɖo así ce gbɔn?”",32.15,artefact
87119,"Ényí a kplá yě yi, bó ná bo dó gǎn bó fun ahwan gbɔn ɖěbǔ ɔ́, Mawu ná zin we dɛ́ ɖo kɛntɔ́ towe lɛ́ɛ nukɔn, ɖó è nǎ ɖu ɖ'é jí kpó è nǎ gbɔ kpó ɔ́, Mawu ɖokpónɔ wɛ nɔ́ ɖɔ.”",25.8,artefact
3001,mεxóyí,sagesse,doublon
3055,alì,chemin,doublon
5226,logozò,tortue,doublon
8917,azɔngblenú,remède,doublon
9952,nyɔ̆ kún,être beau,doublon
11065,ayiglaglá,hardiesse,doublon
12506,kɔ́n zăn,faire une veillée funèbre,doublon
13042,ajɔnŭ,marchandise,doublon
13172,dàn,serpent,doublon
16684,Xo tɔn gba gbĕ bi,II répand son histoire partout,doublon
16771,asúsì,femme d'un mari polygame,doublon
17582,azizɔ,nuage,doublon
17974,avĭ,larmes,doublon
21686,adingbàn,calomnie,doublon
22803,xwè alɔ̀ dŏ,mettre la main dans quelque chose,doublon
23330,gaga,long,doublon
23459,agbajá,cartouchière,doublon
24099,xwemɛ xwemɛ̀,chaque année,doublon
24766,agbanɖuɖù,noce,doublon
25325,gbadé,maïs,doublon
26040,alinkàn,ceinture,doublon
26310,azadodó,chéchia,doublon
27696,ahwanfunfun,bataille,doublon
28007,adohuhu,effroi,doublon
28151,adagli,largeur,doublon
28305,akpé,brillant,doublon
28615,alixíxá,chemin tortueux,doublon
28660,adingbàn,mensonge,doublon
28852,Ɖo hwε wutu ɔ,Grâce à toi,doublon
29156,adohuhu,inquiétude,doublon
29164,é,elle,doublon
29537,aklasú,charognard,doublon
29686,Ɖokpo jε ji,Et un de plus,doublon
29938,agblɔnyinyà,descente,doublon
30247,awŏvì,tentateur,doublon
30452,kùn hŭn,pagayer,doublon
30452,kùn tɔjihún,pagayer,doublon
31228,agbadé,maïs,doublon
31524,akpé,éclatant,doublon
32200,Nu tε a xɔ ɖi atinsinsεn ɖɔhun ?,Qu’as-tu acheté comme fruits ?,doublon
32433,avɔfɔkpà,pantoufle,doublon
32763,ɖù jὲ,être baptisé,doublon
32865,Ɖo azɔn nu mε,Provoquer la maladie chez quelqu'un,doublon
32934,ajijá,hérisson,doublon
33211,adohumɛ,effroi,doublon
33699,aɖawùn,ornement,doublon
33826,ahanhunnú,décapsuleur,doublon
33846,afɔtínxú,péroné,doublon
33875,ayihunxó,blague,doublon
34354,sɔ gbadanu,demain soir,doublon
34697,agbàn,marchandise,doublon
35456,káká yì,jusqu'à la fin,doublon
36733,Hwetεnu wε azinzɔnnɔ ɔ na nu amasin tɔn ?,Quand le malade va-t-il boire son remède ?,doublon
37407,Ɖ’ani wutu mi wa ?,Pourquoi êtes-vous venus ?,doublon
37410,Ɖa nɔ su do taka ɔ,Les cheveux protègent le crâne.,doublon
37931,Ɖe tε a yi wan na ?,Lequel préfères-tu ?,doublon
39413,azavà,paillote,doublon
39946,yĭ gò,être fier,doublon
40017,adùngbígbò,malpropreté,doublon
40084,alànnŭ,infamie,doublon
40193,adɔgò,ventre,doublon
40329,"Hwε lo, toxo tε mε a gosin ?","Et toi, tu viens de quelle ville ?",doublon
40440,adaká,méchanceté extrême,doublon
40548,Hwetεnu a na yi ml'ayi ?,Quand vas-tu te coucher ?,doublon
40576,káká sɔ́ yì,jusqu'à la fin,doublon
40599,Ɖo Kutɔnu toxomε,A l'intérieur de Cotonou,doublon
40836,alŏ,ou bien,doublon
41026,tɔ́gbó,grand-père,doublon
41030,adŭn,saleté,doublon
41072,azɔfúngbá,tabatière,doublon
41900,alɔdidó,secours,doublon
41900,alɔdudó,secours,doublon
42291,Xomɛ sin we à ?,"Tu es en colère ? - Oui, je suis très en colère contre toi.",doublon
42583,afú,brimade,doublon
42808,afɔɖiɖè,enjambée,doublon
42808,afɔgà,enjambée,doublon
42808,aságá,enjambée,doublon
42866,asidida,mariage,doublon
42965,Etε wutu kɔ ma hu we à ?,Pourquoi n’as-tu pas soif ?,doublon
43366,amasìn,remède,doublon
43760,axáywé,gari très fin,doublon
44420,fɔ̀ yεsu nú vĭ,faire les cérémonies du clan pour l'enfant,doublon
45347,agblò,grande cour,doublon
45417,afɔkpà,pantoufle,doublon
45953,ɖokpógéé,une seule fois,doublon
45964,azɔlì,cheminée,doublon
45964,azizɔlì,cheminée,doublon
46203,amăgàtín,manguier,doublon
46519,égbé,aujourd'hui,doublon
47104,Hwetεnu a nɔ fon zanzan ?,Quand te lèves-tu le matin ?,doublon
47533,"Ji na ja cobɔ e na xo gan atɔɔn gbadanu tɔn a, abi ?","Il ne va pas pleuvoir avant 5 heures de l'après-midi, n'est-ce pas ?",doublon
48187,"Ɖo kɔxota ɔ, e nɔ da ayihun gege","Dans la cour, il joue beaucoup.",doublon
48571,lì aɖŭ,aiguiser les dents d'une meule de moulin,doublon
48938,Jane nɔ ba nudo wε a ?,Est-ce que Jane est curieuse ?,doublon
49272,axì,marché,doublon
49403,tokpá,les environs d'un pays,doublon
49779,azɔ̀n ɖokpó,une seule fois,doublon
49915,ajaxwí,passoire,doublon
50522,azĕ,maléfice,doublon
50785,acíayŏ,menthe,doublon
50840,aliklán,carrefour,doublon
50954,Ɖa yetɔn lε bi,Tous leurs cheveux,doublon
51378,atínsìn,sève,doublon
51519,azànɖíɖó,délai,doublon
51776,Etε wutu kɔ mɔ nɔ hu we ɖebu à ?,Pourquoi n’as-tu pas du tout soif ?,doublon
51916,Hwetεnu vodunsi lε na ɖu we ?,Quand les initiés du vodou vont danser ?,doublon
52209,Nu tε ɖo jijε wε ?,Que se passe-t-il ?,doublon
52566,agbasá,véranda,doublon
52662,azají,grenier,doublon
52819,maɖókpoɖó,sans fin,doublon
52819,mavɔmavɔ,sans fin,doublon
53906,awà,bras,doublon
53958,ahwàn,guerre,doublon
53958,ahwanfunfun,guerre,doublon
54056,kú dó gbadà,bonsoir,doublon
54283,adawetín,bambou,doublon
54931,Ɖo kwin mε,Donner des coups de poing,doublon
54992,Xɔ tε mε sin azinkpo a blo ɖo ?,Tu as réparé le meuble de quelle chambre ?,doublon
55083,Ɖo atin sa,Sous un arbre,doublon
55136,Etε wutu kɔ mɔ nɔ hu we gbeɖe à ?,Pourquoi n’as-tu jamais soif ?,doublon
55155,aklákú,hippopotame,doublon
55405,sin zozò,eau chaude,doublon
55611,adohuhu,angoisse,doublon
55894,afɔgólì,cheville,doublon
56013,kókwé,banane,doublon
56304,agaví,bâtard,doublon
56753,Ɖo akpa ce,A mon côté,doublon
56755,aditì,géant,doublon
57246,To tε mε ye gosin ?,Ils viennent de quel pays ?,doublon
57321,ayisɔnmɔ,récemment,doublon
57631,A se fongbe à ?,Parlez-vous le fon ?,doublon
57887,Ɖo ali mitɔn ji,Dans notre rue,doublon
58038,xɔnɔnɔmɛ̀,appartement intime,doublon
58039,alasí,enquête,doublon
58039,alasídídó,enquête,doublon
58325,agùn,foule,doublon
58424,awă,joie,doublon
58699,Ɖo bo mε,Jeter un sort à quelqu'un,doublon
58851,Hwetεnu a na yi do yovotomε ?,Quand retournes-tu aux USA ?,doublon
58876,wɔ̀blíbà,beaucoup,doublon
59135,ayì,idée,doublon
59858,ayijàyĭ,sérénité,doublon
60103,alĭn,foie,doublon
60261,káká yì,jusqu'au bout,doublon
60777,adohumɛ,angoisse,doublon
61333,atakíngò,bouteille à piment,doublon
61691,ahannumú,ivresse,doublon
61789,Hwetεnu mi na jε dɔn ?,Quand arriverons-nous là-bas ?,doublon
61886,anɔnùvínú,mamelon,doublon
61886,anɔvínú,mamelon,doublon
61923,amasìn,médicament,doublon
62236,Ɖo azɔmε ɔ,A l’école,doublon
62238,Ɖe tε a gbε wan na ?,Lequel détestes-tu ?,doublon
63163,wiwi,noir,doublon
63171,agbají,véranda,doublon
63529,Nu tε blo a ɖe ɖayi ?,Qu'est-ce que tu fabriquais ?,doublon
63535,agblà,mâchoire,doublon
63535,aglàn,mâchoire,doublon
63687,Hwε lo ?,Et toi ?,doublon
64013,adawé,bambou,doublon
64641,Wemaxixa nabi e wlan ?,Combien de livres a-t-il écrit ?,doublon
64708,bă,fouet,doublon
64784,Hwenu ɖe tε mi ɖe ɖo Xogbonu ?,Le temps est comment à Porto-Novo ?,doublon
65198,káká sɔ́ yì,jusqu'au bout,doublon
65681,akpaví,carpe,doublon
65837,gbadanu,soir,doublon
66584,Xomɛ sin we à ?,Es-tu fâché ? - Oui je suis très fâché contre toi.,doublon
66589,alɔdó,secours,doublon
66697,nyɛ wɛ,c'est moi,doublon
66796,yĕgè !,oh !,doublon
67732,ahwàn,groupe,doublon
68050,ayìkúngban,terre,doublon
68249,azɔngbigbɔ,guérison,doublon
68321,ajijì,imprévu,doublon
68721,tádò,localité du togo,doublon
69172,ablù,obscurité,doublon
69413,awù,vêtement,doublon
70539,atínmá,feuillage,doublon
70544,alɔ towe ɖíè,bravo,doublon
70877,xwe kpíkpé,le jour de l'an,doublon
70877,xwè yàɖéyaɖé,le jour de l'an,doublon
70877,xwè yɔ̀yɔ́,le jour de l'an,doublon
71073,azɔnkatikatì,tétanos,doublon
71078,ayomà,oignon,doublon
71078,ayomása,oignon,doublon
71079,mitɔn,votre,doublon
71339,alasídídó,demande de renseignements,doublon
71686,Ɖo tlolo mε ɔ,A l'instant,doublon
72019,ahɔnká,boîte crânienne,doublon
72073,akpakpà,émoi,doublon
73276,ayihún,jeu,doublon
73471,azizɔ,vapeur,doublon
73481,Axɔ́sú Salomɔ́ɔ bló bɔ kpatágan e ɖo Jeluzalɛ́mu ɔ́ sukpɔ́ kɛ́n ɖɔhun. É bló bɔ sɛ́dlutín sukpɔ́ sikomɔ́ɔtín e ɖo Cefela lɛ́ɛ ɖɔhun.,"Le roi rendit l'argent aussi commun à Jérusalem que les pierres, et les cèdres aussi nombreux que les sycomores qui croissent dans la plaine.",doublon
73778,avɔlinlɔn,tissage,doublon
73938,atínkàn,liane,doublon
74287,aɖɔtwé,vessie,doublon
74363,afɔdógbè,adultère,doublon
75642,afɔgódwé,chaussette,doublon
75693,aɖĭ,savon,doublon
75956,Nu tε a blo nu jivi enε ɔ ?,Qu'est-ce que tu as fait à ce couteau ?,doublon
76485,zănzăn futufutù,de bon matin,doublon
76956,axwálokwété,tourterelle,doublon
77037,alɔganví,bague,doublon
77144,akpà,blessure,doublon
77241,Hwetεnu a xɔ atinsinsεn ɖokpo ?,Quand as-tu acheté un fruit ?,doublon
78331,ayá,peigne,doublon
78359,afɔví,orteil,doublon
78375,agbawungbà,ostensiblement,doublon
78636,agbetè,hyène,doublon
78662,Nu tε e nɔ blo ɖayi ?,Que faisait-il avant ?,doublon
78696,agbăkò,malheur,doublon
78696,akóbá,malheur,doublon
78696,awŏvì,malheur,doublon
78696,kéyì,malheur,doublon
78858,avɔvunvún,guenille,doublon
78858,awùkíjà,guenille,doublon
78892,xò zĭn,faire du tapage,doublon
79056,galí axáywé,gari très fin,doublon
79631,ajiglokwín,testicule,doublon
80048,ahwanwù,tenue militaire,doublon
80146,A ko wa azɔ towe à ?,Tu as déjà fait ton travail ?,doublon
80909,agbàlyá,fonte,doublon
81490,Ɖo glesi lε gɔn,Chez les paysans,doublon
81519,afɔkpà,sandale,doublon
81593,dawékpὲn,flûte en bambou,doublon
81640,xwè élɔ́ mɛ̀,cette année,doublon
81683,awŏvì,démon,doublon
81992,alàká,joue,doublon
82016,aɖimú,ordalie,doublon
82446,Nu tε nyi zingidi tobutobu enε ɔ ?,Qu'est-ce que c'est que tout ce bruit ?,doublon
82585,Hwetεnu a na wa ɖo hu do tɔn ?,Quand en auras-tu besoin ?,doublon
83497,ɖ'áyì xóxó ɔ́,il y a longtemps,doublon
83497,xwetítíxwegbàn,il y a longtemps,doublon
83704,ayihúndá,jeu,doublon
83987,Sɔ yi a ɖe a ?,Pars-tu demain ?,doublon
84013,Ɖo ali to,Au bord de la route,doublon
84073,ta,tête,doublon
84129,Ɖo fi ɔ,En cet endroit,doublon
84219,ayixà,réflexion,doublon
84803,alò,cure-dents,doublon
84963,măwŭ,dieu,doublon
85747,yĕgè,aïe,doublon
85854,azwì,lièvre,doublon
86354,É d’áfɔ gbĕ,Elle a commis l’adultère.,doublon
86627,ayijàyĭ,paix,doublon
